Time[ps]      Etot[eV]     Epot[eV]     Ekin[eV]    T[K]
0.0000      -15991.4538  -15995.6414       4.1876   330.6
0.0005      -15991.4818  -15995.5327       4.0509   319.8
0.0010      -15991.4885  -15995.2410       3.7525   296.2
0.0015      -15991.4786  -15994.8594       3.3808   266.9
0.0020      -15991.4525  -15994.5001       3.0477   240.6
0.0025      -15991.4140  -15994.2419       2.8280   223.2
0.0030      -15991.3684  -15994.0977       2.7293   215.5
0.0035      -15991.3188  -15994.0212       2.7024   213.3
0.0040      -15991.2672  -15993.9464       2.6792   211.5
0.0045      -15991.2116  -15993.8235       2.6120   206.2
0.0050      -15991.1504  -15993.6424       2.4920   196.7
0.0055      -15991.0813  -15993.4292       2.3479   185.3
0.0060      -15991.0060  -15993.2346       2.2286   175.9
0.0065      -15990.9256  -15993.1096       2.1840   172.4
0.0070      -15990.8453  -15993.0891       2.2438   177.1
0.0075      -15990.7705  -15993.1726       2.4021   189.6
0.0080      -15990.7051  -15993.3195       2.6143   206.4
0.0085      -15990.6505  -15993.4635       2.8130   222.1
0.0090      -15990.6034  -15993.5409       2.9375   231.9
0.0095      -15990.5593  -15993.5220       2.9628   233.9
0.0100      -15990.5137  -15993.4256       2.9119   229.9
0.0105      -15990.4668  -15993.3083       2.8415   224.3
0.0110      -15990.4180  -15993.2257       2.8078   221.7
0.0115      -15990.3703  -15993.2048       2.8345   223.8
0.0120      -15990.3257  -15993.2320       2.9063   229.4
0.0125      -15990.2847  -15993.2695       2.9847   235.6
0.0130      -15990.2470  -15993.2796       3.0326   239.4
0.0135      -15990.2095  -15993.2415       3.0320   239.3
0.0140      -15990.1701  -15993.1598       2.9897   236.0
0.0145      -15990.1278  -15993.0598       2.9320   231.5
0.0150      -15990.0822  -15992.9754       2.8932   228.4
0.0155      -15990.0367  -15992.9370       2.9003   229.0
0.0160      -15989.9923  -15992.9538       2.9615   233.8
0.0165      -15989.9523  -15993.0142       3.0620   241.7
0.0170      -15989.9178  -15993.0862       3.1684   250.1
0.0175      -15989.8877  -15993.1329       3.2452   256.2
0.0180      -15989.8601  -15993.1353       3.2752   258.6
0.0185      -15989.8325  -15993.1048       3.2723   258.3
0.0190      -15989.8052  -15993.0752       3.2700   258.1
0.0195      -15989.7798  -15993.0717       3.2918   259.9
0.0200      -15989.7564  -15993.0864       3.3299   262.9
0.0205      -15989.7358  -15993.0873       3.3514   264.6
0.0210      -15989.7134  -15993.0410       3.3276   262.7
0.0215      -15989.6876  -15992.9431       3.2555   257.0
0.0220      -15989.6576  -15992.8177       3.1601   249.5
0.0225      -15989.6229  -15992.7026       3.0797   243.1
0.0230      -15989.5858  -15992.6327       3.0469   240.5
0.0235      -15989.5483  -15992.6259       3.0776   242.9
0.0240      -15989.5136  -15992.6805       3.1669   250.0
0.0245      -15989.4843  -15992.7746       3.2903   259.7
0.0250      -15989.4608  -15992.8712       3.4104   269.2
0.0255      -15989.4435  -15992.9323       3.4888   275.4
0.0260      -15989.4269  -15992.9303       3.5033   276.6
0.0265      -15989.4085  -15992.8691       3.4606   273.2
0.0270      -15989.3866  -15992.7835       3.3969   268.2
0.0275      -15989.3626  -15992.7193       3.3568   265.0
0.0280      -15989.3404  -15992.7040       3.3637   265.5
0.0285      -15989.3196  -15992.7240       3.4043   268.7
0.0290      -15989.3009  -15992.7413       3.4404   271.6
0.0295      -15989.2828  -15992.7202       3.4375   271.4
0.0300      -15989.2624  -15992.6489       3.3865   267.3
0.0305      -15989.2400  -15992.5457       3.3058   261.0
0.0310      -15989.2132  -15992.4423       3.2291   254.9
0.0315      -15989.1836  -15992.3698       3.1862   251.5
0.0320      -15989.1532  -15992.3440       3.1908   251.9
0.0325      -15989.1239  -15992.3633       3.2394   255.7
0.0330      -15989.0976  -15992.4131       3.3154   261.7
0.0335      -15989.0753  -15992.4701       3.3949   268.0
0.0340      -15989.0564  -15992.5078       3.4514   272.5
0.0345      -15989.0392  -15992.5052       3.4661   273.6
0.0350      -15989.0205  -15992.4619       3.4414   271.7
0.0355      -15988.9997  -15992.4061       3.4064   268.9
0.0360      -15988.9781  -15992.3821       3.4041   268.7
0.0365      -15988.9591  -15992.4192       3.4601   273.1
0.0370      -15988.9453  -15992.5041       3.5588   280.9
0.0375      -15988.9363  -15992.5865       3.6501   288.1
0.0380      -15988.9307  -15992.6125       3.6818   290.6
0.0385      -15988.9238  -15992.5526       3.6289   286.5
0.0390      -15988.9118  -15992.4167       3.5049   276.7
0.0395      -15988.8927  -15992.2486       3.3559   264.9
0.0400      -15988.8665  -15992.1086       3.2421   255.9
0.0405      -15988.8377  -15992.0483       3.2106   253.5
0.0410      -15988.8099  -15992.0823       3.2723   258.3
0.0415      -15988.7873  -15992.1831       3.3958   268.1
0.0420      -15988.7713  -15992.2932       3.5220   278.0
0.0425      -15988.7598  -15992.3533       3.5935   283.7
0.0430      -15988.7496  -15992.3295       3.5799   282.6
0.0435      -15988.7361  -15992.2292       3.4931   275.8
0.0440      -15988.7169  -15992.1019       3.3849   267.2
0.0445      -15988.6938  -15992.0160       3.3221   262.3
0.0450      -15988.6706  -15992.0187       3.3481   264.3
0.0455      -15988.6524  -15992.1064       3.4541   272.7
0.0460      -15988.6394  -15992.2278       3.5884   283.3
0.0465      -15988.6314  -15992.3220       3.6905   291.3
0.0470      -15988.6268  -15992.3470       3.7203   293.7
0.0475      -15988.6217  -15992.2893       3.6677   289.5
0.0480      -15988.6130  -15992.1624       3.5494   280.2
0.0485      -15988.5974  -15992.0014       3.4040   268.7
0.0490      -15988.5748  -15991.8547       3.2799   258.9
0.0495      -15988.5478  -15991.7664       3.2186   254.1
0.0500      -15988.5199  -15991.7596       3.2397   255.7
0.0505      -15988.4949  -15991.8259       3.3310   263.0
0.0510      -15988.4765  -15991.9280       3.4515   272.5
0.0515      -15988.4635  -15992.0122       3.5487   280.1
0.0520      -15988.4532  -15992.0375       3.5843   283.0
0.0525      -15988.4420  -15991.9982       3.5562   280.7
0.0530      -15988.4283  -15991.9277       3.4993   276.2
0.0535      -15988.4138  -15991.8707       3.4569   272.9
0.0540      -15988.3989  -15991.8441       3.4452   272.0
0.0545      -15988.3834  -15991.8297       3.4464   272.1
0.0550      -15988.3662  -15991.8011       3.4349   271.2
0.0555      -15988.3469  -15991.7507       3.4038   268.7
0.0560      -15988.3253  -15991.6909       3.3656   265.7
0.0565      -15988.3026  -15991.6404       3.3377   263.5
0.0570      -15988.2786  -15991.6138       3.3352   263.3
0.0575      -15988.2548  -15991.6222       3.3674   265.8
0.0580      -15988.2337  -15991.6688       3.4351   271.2
0.0585      -15988.2169  -15991.7417       3.5249   278.3
0.0590      -15988.2054  -15991.8148       3.6094   284.9
0.0595      -15988.1973  -15991.8550       3.6577   288.7
0.0600      -15988.1904  -15991.8377       3.6473   287.9
0.0605      -15988.1806  -15991.7586       3.5780   282.5
0.0610      -15988.1663  -15991.6459       3.4796   274.7
0.0615      -15988.1465  -15991.5545       3.4080   269.0
0.0620      -15988.1260  -15991.5405       3.4145   269.6
0.0625      -15988.1102  -15991.6145       3.5043   276.6
0.0630      -15988.1003  -15991.7243       3.6240   286.1
0.0635      -15988.0947  -15991.7940       3.6993   292.0
0.0640      -15988.0888  -15991.7782       3.6895   291.3
0.0645      -15988.0800  -15991.6873       3.6073   284.8
0.0650      -15988.0671  -15991.5671       3.5000   276.3
0.0655      -15988.0498  -15991.4672       3.4174   269.8
0.0660      -15988.0304  -15991.4236       3.3931   267.9
0.0665      -15988.0108  -15991.4488       3.4380   271.4
0.0670      -15987.9949  -15991.5322       3.5373   279.2
0.0675      -15987.9848  -15991.6377       3.6528   288.4
0.0680      -15987.9793  -15991.7163       3.7369   295.0
0.0685      -15987.9765  -15991.7310       3.7544   296.4
0.0690      -15987.9714  -15991.6747       3.7033   292.3
0.0695      -15987.9618  -15991.5806       3.6187   285.7
0.0700      -15987.9477  -15991.5090       3.5613   281.1
0.0705      -15987.9344  -15991.5204       3.5860   283.1
0.0710      -15987.9260  -15991.6317       3.7057   292.5
0.0715      -15987.9259  -15991.7996       3.8736   305.8
0.0720      -15987.9326  -15991.9436       4.0110   316.6
0.0725      -15987.9440  -15992.0033       4.0593   320.4
0.0730      -15987.9545  -15991.9672       4.0128   316.8
0.0735      -15987.9620  -15991.8702       3.9082   308.5
0.0740      -15987.9652  -15991.7591       3.7940   299.5
0.0745      -15987.9633  -15991.6709       3.7076   292.7
0.0750      -15987.9581  -15991.6294       3.6714   289.8
0.0755      -15987.9521  -15991.6459       3.6938   291.6
0.0760      -15987.9489  -15991.7112       3.7622   297.0
0.0765      -15987.9505  -15991.7884       3.8378   303.0
0.0770      -15987.9549  -15991.8229       3.8681   305.4
0.0775      -15987.9587  -15991.7730       3.8144   301.1
0.0780      -15987.9563  -15991.6344       3.6781   290.4
0.0785      -15987.9450  -15991.4503       3.5053   276.7
0.0790      -15987.9258  -15991.2917       3.3660   265.7
0.0795      -15987.9027  -15991.2192       3.3165   261.8
0.0800      -15987.8817  -15991.2436       3.3619   265.4
0.0805      -15987.8638  -15991.3178       3.4539   272.7
0.0810      -15987.8485  -15991.3766       3.5280   278.5
0.0815      -15987.8338  -15991.3832       3.5494   280.2
0.0820      -15987.8191  -15991.3485       3.5293   278.6
0.0825      -15987.8029  -15991.3111       3.5082   276.9
0.0830      -15987.7867  -15991.3140       3.5273   278.5
0.0835      -15987.7730  -15991.3837       3.6107   285.0
0.0840      -15987.7651  -15991.5235       3.7584   296.7
0.0845      -15987.7666  -15991.7103       3.9436   311.3
0.0850      -15987.7781  -15991.8966       4.1185   325.1
0.0855      -15987.7975  -15992.0246       4.2271   333.7
0.0860      -15987.8201  -15992.0496       4.2295   333.9
0.0865      -15987.8394  -15991.9635       4.1241   325.6
0.0870      -15987.8509  -15991.8060       3.9550   312.2
0.0875      -15987.8540  -15991.6522       3.7982   299.8
0.0880      -15987.8524  -15991.5731       3.7206   293.7
0.0885      -15987.8510  -15991.5852       3.7343   294.8
0.0890      -15987.8533  -15991.6377       3.7844   298.8
0.0895      -15987.8556  -15991.6457       3.7900   299.2
0.0900      -15987.8545  -15991.5540       3.6996   292.1
0.0905      -15987.8458  -15991.3682       3.5223   278.1
0.0910      -15987.8271  -15991.1461       3.3190   262.0
0.0915      -15987.7996  -15990.9647       3.1651   249.9
0.0920      -15987.7674  -15990.8837       3.1163   246.0
0.0925      -15987.7354  -15990.9235       3.1882   251.7
0.0930      -15987.7085  -15991.0624       3.3539   264.8
0.0935      -15987.6911  -15991.2474       3.5563   280.7
0.0940      -15987.6828  -15991.4122       3.7294   294.4
0.0945      -15987.6810  -15991.4995       3.8185   301.4
0.0950      -15987.6805  -15991.4840       3.8035   300.3
0.0955      -15987.6756  -15991.3898       3.7142   293.2
0.0960      -15987.6656  -15991.2888       3.6231   286.0
0.0965      -15987.6537  -15991.2660       3.6123   285.2
0.0970      -15987.6466  -15991.3678       3.7213   293.8
0.0975      -15987.6494  -15991.5603       3.9110   308.7
0.0980      -15987.6615  -15991.7432       4.0817   322.2
0.0985      -15987.6793  -15991.8139       4.1346   326.4
0.0990      -15987.6937  -15991.7255       4.0319   318.3
0.0995      -15987.6990  -15991.5126       3.8136   301.1
0.1000      -15987.6930  -15991.2656       3.5725   282.0
0.1005      -15987.6771  -15991.0811       3.4040   268.7
0.1010      -15987.6572  -15991.0162       3.3590   265.2
0.1015      -15987.6379  -15991.0687       3.4308   270.8
0.1020      -15987.6232  -15991.1939       3.5706   281.9
0.1025      -15987.6155  -15991.3311       3.7156   293.3
0.1030      -15987.6137  -15991.4266       3.8129   301.0
0.1035      -15987.6151  -15991.4503       3.8352   302.8
0.1040      -15987.6145  -15991.4090       3.7945   299.5
0.1045      -15987.6100  -15991.3534       3.7434   295.5
0.1050      -15987.6047  -15991.3574       3.7527   296.2
0.1055      -15987.6041  -15991.4688       3.8647   305.1
0.1060      -15987.6135  -15991.6684       4.0549   320.1
0.1065      -15987.6326  -15991.8755       4.2429   334.9
0.1070      -15987.6579  -15992.0016       4.3437   342.9
0.1075      -15987.6837  -15992.0027       4.3191   341.0
0.1080      -15987.7063  -15991.9017       4.1954   331.2
0.1085      -15987.7214  -15991.7634       4.0420   319.1
0.1090      -15987.7305  -15991.6616       3.9311   310.3
0.1095      -15987.7369  -15991.6408       3.9039   308.2
0.1100      -15987.7444  -15991.7010       3.9566   312.3
0.1105      -15987.7560  -15991.8055       4.0495   319.7
0.1110      -15987.7714  -15991.9020       4.1306   326.1
0.1115      -15987.7896  -15991.9463       4.1568   328.1
0.1120      -15987.8074  -15991.9151       4.1077   324.3
0.1125      -15987.8203  -15991.8145       3.9942   315.3
0.1130      -15987.8265  -15991.6850       3.8584   304.6
0.1135      -15987.8264  -15991.5874       3.7610   296.9
0.1140      -15987.8247  -15991.5708       3.7461   295.7
0.1145      -15987.8261  -15991.6326       3.8065   300.5
0.1150      -15987.8310  -15991.7141       3.8831   306.5
0.1155      -15987.8385  -15991.7421       3.9036   308.2
0.1160      -15987.8430  -15991.6721       3.8291   302.3
0.1165      -15987.8410  -15991.5149       3.6739   290.0
0.1170      -15987.8300  -15991.3252       3.4952   275.9
0.1175      -15987.8108  -15991.1740       3.3632   265.5
0.1180      -15987.7881  -15991.1169       3.3288   262.8
0.1185      -15987.7663  -15991.1671       3.4008   268.5
0.1190      -15987.7498  -15991.2938       3.5440   279.8
0.1195      -15987.7406  -15991.4409       3.7003   292.1
0.1200      -15987.7379  -15991.5543       3.8164   301.3
0.1205      -15987.7400  -15991.6007       3.8607   304.8
0.1210      -15987.7420  -15991.5742       3.8321   302.5
0.1215      -15987.7405  -15991.5041       3.7636   297.1
0.1220      -15987.7352  -15991.4503       3.7151   293.3
0.1225      -15987.7300  -15991.4743       3.7442   295.6
0.1230      -15987.7308  -15991.5931       3.8623   304.9
0.1235      -15987.7398  -15991.7567       4.0169   317.1
0.1240      -15987.7551  -15991.8758       4.1207   325.3
0.1245      -15987.7713  -15991.8802       4.1088   324.4
0.1250      -15987.7835  -15991.7632       3.9797   314.2
0.1255      -15987.7866  -15991.5814       3.7948   299.6
0.1260      -15987.7816  -15991.4237       3.6421   287.5
0.1265      -15987.7726  -15991.3613       3.5887   283.3
0.1270      -15987.7644  -15991.4136       3.6492   288.1
0.1275      -15987.7615  -15991.5439       3.7824   298.6
0.1280      -15987.7647  -15991.6845       3.9198   309.4
0.1285      -15987.7729  -15991.7729       4.0001   315.8
0.1290      -15987.7827  -15991.7757       3.9930   315.2
0.1295      -15987.7914  -15991.6954       3.9040   308.2
0.1300      -15987.7933  -15991.5612       3.7678   297.4
0.1305      -15987.7877  -15991.4268       3.6391   287.3
0.1310      -15987.7773  -15991.3533       3.5760   282.3
0.1315      -15987.7670  -15991.3765       3.6096   284.9
0.1320      -15987.7616  -15991.4806       3.7190   293.6
0.1325      -15987.7620  -15991.6040       3.8420   303.3
0.1330      -15987.7663  -15991.6786       3.9123   308.8
0.1335      -15987.7713  -15991.6669       3.8957   307.5
0.1340      -15987.7722  -15991.5760       3.8037   300.3
0.1345      -15987.7683  -15991.4522       3.6839   290.8
0.1350      -15987.7587  -15991.3580       3.5993   284.1
0.1355      -15987.7470  -15991.3482       3.6012   284.3
0.1360      -15987.7385  -15991.4438       3.7052   292.5
0.1365      -15987.7373  -15991.6194       3.8821   306.5
0.1370      -15987.7455  -15991.8170       4.0715   321.4
0.1375      -15987.7611  -15991.9767       4.2155   332.8
0.1380      -15987.7817  -15992.0658       4.2841   338.2
0.1385      -15987.8043  -15992.0831       4.2788   337.8
0.1390      -15987.8257  -15992.0492       4.2235   333.4
0.1395      -15987.8452  -15991.9961       4.1508   327.7
0.1400      -15987.8622  -15991.9486       4.0864   322.6
0.1405      -15987.8774  -15991.9116       4.0342   318.5
0.1410      -15987.8901  -15991.8692       3.9791   314.1
0.1415      -15987.8988  -15991.8053       3.9064   308.4
0.1420      -15987.9030  -15991.7224       3.8193   301.5
0.1425      -15987.9021  -15991.6414       3.7394   295.2
0.1430      -15987.8973  -15991.5907       3.6934   291.6
0.1435      -15987.8913  -15991.5902       3.6989   292.0
0.1440      -15987.8866  -15991.6436       3.7570   296.6
0.1445      -15987.8856  -15991.7358       3.8502   303.9
0.1450      -15987.8898  -15991.8360       3.9463   311.5
0.1455      -15987.8983  -15991.9062       4.0079   316.4
0.1460      -15987.9079  -15991.9151       4.0071   316.3
0.1465      -15987.9166  -15991.8575       3.9409   311.1
0.1470      -15987.9197  -15991.7613       3.8416   303.3
0.1475      -15987.9177  -15991.6855       3.7678   297.4
0.1480      -15987.9144  -15991.6902       3.7758   298.1
0.1485      -15987.9149  -15991.7995       3.8846   306.7
0.1490      -15987.9243  -15991.9820       4.0577   320.3
0.1495      -15987.9418  -15992.1619       4.2201   333.1
0.1500      -15987.9644  -15992.2624       4.2980   339.3
0.1505      -15987.9872  -15992.2447       4.2575   336.1
0.1510      -15988.0046  -15992.1241       4.1195   325.2
0.1515      -15988.0150  -15991.9590       3.9441   311.4
0.1520      -15988.0177  -15991.8195       3.8018   300.1
0.1525      -15988.0156  -15991.7616       3.7460   295.7
0.1530      -15988.0135  -15991.8076       3.7941   299.5
0.1535      -15988.0159  -15991.9400       3.9241   309.8
0.1540      -15988.0265  -15992.1078       4.0812   322.2
0.1545      -15988.0438  -15992.2434       4.1996   331.5
0.1550      -15988.0639  -15992.2963       4.2324   334.1
0.1555      -15988.0821  -15992.2592       4.1771   329.8
0.1560      -15988.0950  -15992.1778       4.0828   322.3
0.1565      -15988.1052  -15992.1297       4.0245   317.7
0.1570      -15988.1163  -15992.1710       4.0548   320.1
0.1575      -15988.1328  -15992.2961       4.1633   328.7
0.1580      -15988.1557  -15992.4387       4.2830   338.1
0.1585      -15988.1816  -15992.5197       4.3381   342.5
0.1590      -15988.2069  -15992.4986       4.2916   338.8
0.1595      -15988.2273  -15992.3875       4.1603   328.4
0.1600      -15988.2408  -15992.2377       3.9969   315.5
0.1605      -15988.2477  -15992.1062       3.8585   304.6
0.1610      -15988.2493  -15992.0319       3.7826   298.6
0.1615      -15988.2492  -15992.0292       3.7800   298.4
0.1620      -15988.2498  -15992.0895       3.8397   303.1
0.1625      -15988.2542  -15992.1880       3.9338   310.5
0.1630      -15988.2635  -15992.2861       4.0226   317.6
0.1635      -15988.2763  -15992.3425       4.0663   321.0
0.1640      -15988.2889  -15992.3324       4.0435   319.2
0.1645      -15988.2978  -15992.2669       3.9691   313.3
0.1650      -15988.3021  -15992.1967       3.8947   307.5
0.1655      -15988.3043  -15992.1863       3.8819   306.4
0.1660      -15988.3106  -15992.2697       3.9591   312.5
0.1665      -15988.3231  -15992.4215       4.0984   323.5
0.1670      -15988.3422  -15992.5753       4.2331   334.2
0.1675      -15988.3658  -15992.6665       4.3007   339.5
0.1680      -15988.3899  -15992.6653       4.2753   337.5
0.1685      -15988.4112  -15992.5832       4.1720   329.3
0.1690      -15988.4269  -15992.4604       4.0335   318.4
0.1695      -15988.4361  -15992.3453       3.9092   308.6
0.1700      -15988.4405  -15992.2776       3.8370   302.9
0.1705      -15988.4426  -15992.2753       3.8327   302.6
0.1710      -15988.4466  -15992.3304       3.8838   306.6
0.1715      -15988.4536  -15992.4083       3.9547   312.2
0.1720      -15988.4632  -15992.4643       4.0011   315.9
0.1725      -15988.4730  -15992.4642       3.9912   315.1
0.1730      -15988.4798  -15992.4037       3.9239   309.8
0.1735      -15988.4823  -15992.3140       3.8316   302.5
0.1740      -15988.4804  -15992.2446       3.7642   297.2
0.1745      -15988.4776  -15992.2356       3.7580   296.7
0.1750      -15988.4769  -15992.2906       3.8137   301.1
0.1755      -15988.4804  -15992.3802       3.8998   307.9
0.1760      -15988.4866  -15992.4661       3.9795   314.1
0.1765      -15988.4957  -15992.5282       4.0325   318.3
0.1770      -15988.5075  -15992.5637       4.0562   320.2
0.1775      -15988.5210  -15992.5734       4.0525   319.9
0.1780      -15988.5342  -15992.5545       4.0203   317.4
0.1785      -15988.5448  -15992.5065       3.9617   312.7
0.1790      -15988.5514  -15992.4413       3.8899   307.1
0.1795      -15988.5544  -15992.3834       3.8290   302.3
0.1800      -15988.5559  -15992.3560       3.8001   300.0
0.1805      -15988.5574  -15992.3635       3.8062   300.5
0.1810      -15988.5595  -15992.3892       3.8297   302.3
0.1815      -15988.5617  -15992.4091       3.8474   303.7
0.1820      -15988.5641  -15992.4133       3.8492   303.9
0.1825      -15988.5657  -15992.4099       3.8443   303.5
0.1830      -15988.5679  -15992.4160       3.8482   303.8
0.1835      -15988.5714  -15992.4346       3.8632   305.0
0.1840      -15988.5769  -15992.4494       3.8725   305.7
0.1845      -15988.5808  -15992.4385       3.8577   304.5
0.1850      -15988.5817  -15992.4025       3.8207   301.6
0.1855      -15988.5804  -15992.3686       3.7882   299.1
0.1860      -15988.5787  -15992.3700       3.7914   299.3
0.1865      -15988.5794  -15992.4176       3.8382   303.0
0.1870      -15988.5832  -15992.4910       3.9078   308.5
0.1875      -15988.5896  -15992.5565       3.9669   313.2
0.1880      -15988.5973  -15992.5919       3.9946   315.3
0.1885      -15988.6062  -15992.5973       3.9910   315.1
0.1890      -15988.6150  -15992.5839       3.9689   313.3
0.1895      -15988.6231  -15992.5617       3.9386   310.9
0.1900      -15988.6293  -15992.5357       3.9063   308.4
0.1905      -15988.6343  -15992.5161       3.8818   306.4
0.1910      -15988.6374  -15992.5190       3.8816   306.4
0.1915      -15988.6416  -15992.5582       3.9167   309.2
0.1920      -15988.6492  -15992.6271       3.9779   314.0
0.1925      -15988.6600  -15992.6936       4.0336   318.4
0.1930      -15988.6721  -15992.7180       4.0459   319.4
0.1935      -15988.6826  -15992.6800       3.9973   315.6
0.1940      -15988.6890  -15992.5917       3.9027   308.1
0.1945      -15988.6915  -15992.4914       3.7998   300.0
0.1950      -15988.6899  -15992.4184       3.7284   294.3
0.1955      -15988.6868  -15992.3947       3.7079   292.7
0.1960      -15988.6843  -15992.4141       3.7298   294.4
0.1965      -15988.6829  -15992.4496       3.7666   297.3
0.1970      -15988.6830  -15992.4696       3.7866   298.9
0.1975      -15988.6827  -15992.4509       3.7681   297.5
0.1980      -15988.6801  -15992.3853       3.7051   292.5
0.1985      -15988.6728  -15992.2832       3.6103   285.0
0.1990      -15988.6591  -15992.1779       3.5187   277.8
0.1995      -15988.6411  -15992.1220       3.4809   274.8
0.2000      -15988.6236  -15992.1633       3.5397   279.4
0.2005      -15988.6125  -15992.3090       3.6966   291.8
0.2010      -15988.6109  -15992.5102       3.8994   307.8
0.2015      -15988.6195  -15992.6905       4.0710   321.4
0.2020      -15988.6330  -15992.7876       4.1546   328.0
0.2025      -15988.6484  -15992.7873       4.1389   326.7
0.2030      -15988.6624  -15992.7153       4.0529   319.9
0.2035      -15988.6727  -15992.6144       3.9417   311.2
0.2040      -15988.6785  -15992.5238       3.8453   303.6
0.2045      -15988.6802  -15992.4699       3.7897   299.2
0.2050      -15988.6797  -15992.4647       3.7851   298.8
0.2055      -15988.6798  -15992.5065       3.8266   302.1
0.2060      -15988.6825  -15992.5783       3.8958   307.5
0.2065      -15988.6898  -15992.6512       3.9614   312.7
0.2070      -15988.6995  -15992.6892       3.9897   315.0
0.2075      -15988.7085  -15992.6706       3.9621   312.8
0.2080      -15988.7143  -15992.6020       3.8877   306.9
0.2085      -15988.7156  -15992.5184       3.8028   300.2
0.2090      -15988.7147  -15992.4615       3.7468   295.8
0.2095      -15988.7131  -15992.4498       3.7367   295.0
0.2100      -15988.7121  -15992.4718       3.7598   296.8
0.2105      -15988.7118  -15992.5009       3.7892   299.1
0.2110      -15988.7120  -15992.5179       3.8058   300.4
0.2115      -15988.7127  -15992.5196       3.8069   300.5
0.2120      -15988.7136  -15992.5137       3.8001   300.0
0.2125      -15988.7146  -15992.5095       3.7948   299.6
0.2130      -15988.7156  -15992.5136       3.7980   299.8
0.2135      -15988.7169  -15992.5303       3.8133   301.0
0.2140      -15988.7186  -15992.5604       3.8418   303.3
0.2145      -15988.7231  -15992.6012       3.8782   306.2
0.2150      -15988.7290  -15992.6383       3.9093   308.6
0.2155      -15988.7356  -15992.6525       3.9169   309.2
0.2160      -15988.7409  -15992.6310       3.8901   307.1
0.2165      -15988.7428  -15992.5839       3.8410   303.2
0.2170      -15988.7423  -15992.5450       3.8027   300.2
0.2175      -15988.7411  -15992.5513       3.8102   300.8
0.2180      -15988.7423  -15992.6180       3.8757   306.0
0.2185      -15988.7480  -15992.7301       3.9821   314.4
0.2190      -15988.7588  -15992.8554       4.0966   323.4
0.2195      -15988.7760  -15992.9637       4.1877   330.6
0.2200      -15988.7960  -15993.0310       4.2350   334.3
0.2205      -15988.8175  -15993.0470       4.2296   333.9
0.2210      -15988.8382  -15993.0131       4.1749   329.6
0.2215      -15988.8556  -15992.9412       4.0855   322.5
0.2220      -15988.8689  -15992.8495       3.9806   314.2
0.2225      -15988.8773  -15992.7554       3.8780   306.1
0.2230      -15988.8812  -15992.6700       3.7888   299.1
0.2235      -15988.8813  -15992.5965       3.7152   293.3
0.2240      -15988.8774  -15992.5306       3.6532   288.4
0.2245      -15988.8707  -15992.4676       3.5969   283.9
0.2250      -15988.8598  -15992.4070       3.5472   280.0
0.2255      -15988.8460  -15992.3593       3.5134   277.4
0.2260      -15988.8310  -15992.3372       3.5061   276.8
0.2265      -15988.8159  -15992.3443       3.5283   278.5
0.2270      -15988.8022  -15992.3745       3.5722   282.0
0.2275      -15988.7906  -15992.4195       3.6290   286.5
0.2280      -15988.7820  -15992.4741       3.6921   291.5
0.2285      -15988.7765  -15992.5302       3.7537   296.3
0.2290      -15988.7752  -15992.5800       3.8048   300.4
0.2295      -15988.7756  -15992.6185       3.8429   303.4
0.2300      -15988.7775  -15992.6527       3.8752   305.9
0.2305      -15988.7815  -15992.6940       3.9126   308.9
0.2310      -15988.7879  -15992.7492       3.9613   312.7
0.2315      -15988.7978  -15992.8121       4.0144   316.9
0.2320      -15988.8102  -15992.8628       4.0526   319.9
0.2325      -15988.8237  -15992.8760       4.0524   319.9
0.2330      -15988.8356  -15992.8355       3.9998   315.8
0.2335      -15988.8427  -15992.7464       3.9037   308.2
0.2340      -15988.8451  -15992.6400       3.7949   299.6
0.2345      -15988.8429  -15992.5526       3.7097   292.9
0.2350      -15988.8383  -15992.5052       3.6669   289.5
0.2355      -15988.8321  -15992.4933       3.6611   289.0
0.2360      -15988.8251  -15992.5038       3.6787   290.4
0.2365      -15988.8187  -15992.5297       3.7110   293.0
0.2370      -15988.8142  -15992.5660       3.7518   296.2
0.2375      -15988.8118  -15992.6031       3.7913   299.3
0.2380      -15988.8107  -15992.6305       3.8198   301.5
0.2385      -15988.8105  -15992.6458       3.8353   302.8
0.2390      -15988.8111  -15992.6545       3.8434   303.4
0.2395      -15988.8126  -15992.6625       3.8499   303.9
0.2400      -15988.8150  -15992.6689       3.8539   304.2
0.2405      -15988.8172  -15992.6642       3.8470   303.7
0.2410      -15988.8195  -15992.6400       3.8204   301.6
0.2415      -15988.8189  -15992.5934       3.7745   298.0
0.2420      -15988.8150  -15992.5385       3.7235   293.9
0.2425      -15988.8088  -15992.5000       3.6912   291.4
0.2430      -15988.8020  -15992.4985       3.6964   291.8
0.2435      -15988.7981  -15992.5346       3.7365   295.0
0.2440      -15988.7956  -15992.5865       3.7909   299.3
0.2445      -15988.7949  -15992.6334       3.8385   303.0
0.2450      -15988.7965  -15992.6689       3.8725   305.7
0.2455      -15988.7999  -15992.6950       3.8951   307.5
0.2460      -15988.8050  -15992.7113       3.9063   308.4
0.2465      -15988.8101  -15992.7154       3.9053   308.3
0.2470      -15988.8147  -15992.7121       3.8974   307.7
0.2475      -15988.8195  -15992.7137       3.8942   307.4
0.2480      -15988.8253  -15992.7299       3.9046   308.2
0.2485      -15988.8336  -15992.7573       3.9237   309.7
0.2490      -15988.8432  -15992.7759       3.9327   310.5
0.2495      -15988.8525  -15992.7601       3.9076   308.5
0.2500      -15988.8589  -15992.6951       3.8362   302.8
0.2505      -15988.8597  -15992.5907       3.7310   294.5
0.2510      -15988.8553  -15992.4809       3.6256   286.2
0.2515      -15988.8467  -15992.4008       3.5542   280.6
0.2520      -15988.8360  -15992.3620       3.5259   278.3
0.2525      -15988.8241  -15992.3470       3.5229   278.1
0.2530      -15988.8099  -15992.3349       3.5250   278.3
0.2535      -15988.7951  -15992.3248       3.5297   278.6
0.2540      -15988.7808  -15992.3293       3.5485   280.1
0.2545      -15988.7681  -15992.3568       3.5887   283.3
0.2550      -15988.7574  -15992.4010       3.6436   287.6
0.2555      -15988.7484  -15992.4506       3.7022   292.3
0.2560      -15988.7423  -15992.5023       3.7600   296.8
0.2565      -15988.7388  -15992.5589       3.8201   301.6
0.2570      -15988.7392  -15992.6216       3.8824   306.5
0.2575      -15988.7439  -15992.6795       3.9356   310.7
0.2580      -15988.7515  -15992.7132       3.9616   312.7
0.2585      -15988.7600  -15992.7098       3.9498   311.8
0.2590      -15988.7668  -15992.6794       3.9126   308.9
0.2595      -15988.7722  -15992.6558       3.8836   306.6
0.2600      -15988.7784  -15992.6708       3.8924   307.3
0.2605      -15988.7875  -15992.7240       3.9365   310.8
0.2610      -15988.7993  -15992.7792       3.9799   314.2
0.2615      -15988.8109  -15992.7936       3.9827   314.4
0.2620      -15988.8203  -15992.7503       3.9299   310.2
0.2625      -15988.8257  -15992.6649       3.8391   303.1
0.2630      -15988.8279  -15992.5726       3.7448   295.6
0.2635      -15988.8255  -15992.5062       3.6807   290.6
0.2640      -15988.8211  -15992.4889       3.6678   289.5
0.2645      -15988.8173  -15992.5246       3.7073   292.7
0.2650      -15988.8157  -15992.5967       3.7810   298.5
0.2655      -15988.8178  -15992.6759       3.8580   304.6
0.2660      -15988.8227  -15992.7306       3.9079   308.5
0.2665      -15988.8288  -15992.7379       3.9091   308.6
0.2670      -15988.8329  -15992.6919       3.8590   304.6
0.2675      -15988.8335  -15992.6127       3.7792   298.3
0.2680      -15988.8299  -15992.5410       3.7110   293.0
0.2685      -15988.8251  -15992.5157       3.6905   291.3
0.2690      -15988.8219  -15992.5406       3.7187   293.6
0.2695      -15988.8202  -15992.5817       3.7616   296.9
0.2700      -15988.8192  -15992.6008       3.7817   298.5
0.2705      -15988.8167  -15992.5874       3.7707   297.7
0.2710      -15988.8133  -15992.5631       3.7497   296.0
0.2715      -15988.8104  -15992.5561       3.7458   295.7
0.2720      -15988.8083  -15992.5787       3.7704   297.6
0.2725      -15988.8089  -15992.6234       3.8145   301.1
0.2730      -15988.8109  -15992.6717       3.8608   304.8
0.2735      -15988.8145  -15992.7105       3.8960   307.6
0.2740      -15988.8195  -15992.7334       3.9138   309.0
0.2745      -15988.8252  -15992.7355       3.9104   308.7
0.2750      -15988.8311  -15992.7098       3.8787   306.2
0.2755      -15988.8337  -15992.6501       3.8164   301.3
0.2760      -15988.8314  -15992.5694       3.7380   295.1
0.2765      -15988.8253  -15992.5020       3.6768   290.3
0.2770      -15988.8180  -15992.4810       3.6630   289.2
0.2775      -15988.8132  -15992.5076       3.6944   291.6
0.2780      -15988.8100  -15992.5461       3.7361   294.9
0.2785      -15988.8066  -15992.5570       3.7504   296.1
0.2790      -15988.8017  -15992.5296       3.7278   294.3
0.2795      -15988.7947  -15992.4861       3.6914   291.4
0.2800      -15988.7869  -15992.4613       3.6744   290.1
0.2805      -15988.7795  -15992.4767       3.6972   291.9
0.2810      -15988.7738  -15992.5324       3.7586   296.7
0.2815      -15988.7709  -15992.6145       3.8435   303.4
0.2820      -15988.7737  -15992.7082       3.9344   310.6
0.2825      -15988.7809  -15992.7951       4.0142   316.9
0.2830      -15988.7923  -15992.8553       4.0629   320.7
0.2835      -15988.8059  -15992.8668       4.0609   320.6
0.2840      -15988.8177  -15992.8197       4.0020   315.9
0.2845      -15988.8249  -15992.7314       3.9065   308.4
0.2850      -15988.8273  -15992.6463       3.8190   301.5
0.2855      -15988.8274  -15992.6086       3.7812   298.5
0.2860      -15988.8286  -15992.6285       3.7999   300.0
0.2865      -15988.8313  -15992.6737       3.8423   303.3
0.2870      -15988.8355  -15992.6979       3.8624   304.9
0.2875      -15988.8376  -15992.6722       3.8347   302.7
0.2880      -15988.8363  -15992.6043       3.7680   297.5
0.2885      -15988.8313  -15992.5272       3.6959   291.8
0.2890      -15988.8236  -15992.4780       3.6544   288.5
0.2895      -15988.8156  -15992.4787       3.6631   289.2
0.2900      -15988.8088  -15992.5297       3.7208   293.7
0.2905      -15988.8059  -15992.6156       3.8097   300.7
0.2910      -15988.8081  -15992.7109       3.9028   308.1
0.2915      -15988.8149  -15992.7848       3.9699   313.4
0.2920      -15988.8243  -15992.8110       3.9867   314.7
0.2925      -15988.8325  -15992.7814       3.9489   311.7
0.2930      -15988.8373  -15992.7164       3.8791   306.2
0.2935      -15988.8387  -15992.6555       3.8168   301.3
0.2940      -15988.8399  -15992.6345       3.7946   299.6
0.2945      -15988.8412  -15992.6581       3.8169   301.3
0.2950      -15988.8441  -15992.7038       3.8597   304.7
0.2955      -15988.8487  -15992.7378       3.8891   307.0
0.2960      -15988.8535  -15992.7350       3.8816   306.4
0.2965      -15988.8568  -15992.6901       3.8332   302.6
0.2970      -15988.8564  -15992.6187       3.7624   297.0
0.2975      -15988.8522  -15992.5517       3.6995   292.0
0.2980      -15988.8461  -15992.5172       3.6711   289.8
0.2985      -15988.8398  -15992.5253       3.6855   290.9
0.2990      -15988.8358  -15992.5648       3.7290   294.4
0.2995      -15988.8337  -15992.6091       3.7754   298.0
0.3000      -15988.8333  -15992.6309       3.7977   299.8
0.3005      -15988.8328  -15992.6135       3.7807   298.5
0.3010      -15988.8297  -15992.5614       3.7317   294.6
0.3015      -15988.8244  -15992.5045       3.6801   290.5
0.3020      -15988.8171  -15992.4804       3.6633   289.2
0.3025      -15988.8112  -15992.5111       3.6999   292.1
0.3030      -15988.8090  -15992.5836       3.7746   298.0
0.3035      -15988.8100  -15992.6581       3.8482   303.8
0.3040      -15988.8139  -15992.6968       3.8830   306.5
0.3045      -15988.8175  -15992.6811       3.8636   305.0
0.3050      -15988.8187  -15992.6184       3.7997   300.0
0.3055      -15988.8162  -15992.5350       3.7188   293.6
0.3060      -15988.8095  -15992.4665       3.6570   288.7
0.3065      -15988.8010  -15992.4444       3.6433   287.6
0.3070      -15988.7932  -15992.4828       3.6896   291.3
0.3075      -15988.7888  -15992.5750       3.7862   298.9
0.3080      -15988.7900  -15992.6960       3.9061   308.4
0.3085      -15988.7967  -15992.8106       4.0139   316.9
0.3090      -15988.8082  -15992.8883       4.0801   322.1
0.3095      -15988.8209  -15992.9181       4.0972   323.4
0.3100      -15988.8334  -15992.9176       4.0842   322.4
0.3105      -15988.8461  -15992.9177       4.0716   321.4
0.3110      -15988.8596  -15992.9367       4.0771   321.9
0.3115      -15988.8746  -15992.9682       4.0936   323.2
0.3120      -15988.8895  -15992.9912       4.1017   323.8
0.3125      -15988.9039  -15992.9909       4.0870   322.6
0.3130      -15988.9177  -15992.9640       4.0463   319.4
0.3135      -15988.9296  -15992.9104       3.9808   314.3
0.3140      -15988.9382  -15992.8293       3.8911   307.2
0.3145      -15988.9414  -15992.7256       3.7842   298.7
0.3150      -15988.9387  -15992.6197       3.6810   290.6
0.3155      -15988.9313  -15992.5424       3.6112   285.1
0.3160      -15988.9225  -15992.5168       3.5943   283.7
0.3165      -15988.9145  -15992.5420       3.6275   286.4
0.3170      -15988.9085  -15992.5967       3.6882   291.2
0.3175      -15988.9044  -15992.6539       3.7495   296.0
0.3180      -15988.9029  -15992.7013       3.7984   299.9
0.3185      -15988.9028  -15992.7427       3.8399   303.1
0.3190      -15988.9052  -15992.7897       3.8845   306.6
0.3195      -15988.9108  -15992.8433       3.9325   310.4
0.3200      -15988.9182  -15992.8912       3.9730   313.6
0.3205      -15988.9268  -15992.9224       3.9956   315.4
0.3210      -15988.9355  -15992.9404       4.0050   316.2
0.3215      -15988.9449  -15992.9620       4.0171   317.1
0.3220      -15988.9564  -15992.9984       4.0420   319.1
0.3225      -15988.9699  -15993.0407       4.0708   321.4
0.3230      -15988.9854  -15993.0674       4.0820   322.2
0.3235      -15988.9993  -15993.0613       4.0621   320.7
0.3240      -15989.0108  -15993.0286       4.0178   317.2
0.3245      -15989.0203  -15992.9946       3.9743   313.7
0.3250      -15989.0288  -15992.9858       3.9570   312.4
0.3255      -15989.0380  -15993.0121       3.9741   313.7
0.3260      -15989.0486  -15993.0641       4.0156   317.0
0.3265      -15989.0608  -15993.1244       4.0637   320.8
0.3270      -15989.0751  -15993.1808       4.1057   324.1
0.3275      -15989.0916  -15993.2256       4.1340   326.3
0.3280      -15989.1101  -15993.2470       4.1369   326.6
0.3285      -15989.1281  -15993.2261       4.0980   323.5
0.3290      -15989.1425  -15993.1509       4.0084   316.4
0.3295      -15989.1503  -15993.0308       3.8805   306.3
0.3300      -15989.1515  -15992.8998       3.7483   295.9
0.3305      -15989.1467  -15992.7984       3.6517   288.3
0.3310      -15989.1386  -15992.7539       3.6153   285.4
0.3315      -15989.1298  -15992.7694       3.6396   287.3
0.3320      -15989.1234  -15992.8321       3.7087   292.8
0.3325      -15989.1199  -15992.9212       3.8013   300.1
0.3330      -15989.1214  -15993.0156       3.8943   307.4
0.3335      -15989.1277  -15993.0902       3.9625   312.8
0.3340      -15989.1365  -15993.1217       3.9852   314.6
0.3345      -15989.1448  -15993.1028       3.9580   312.5
0.3350      -15989.1504  -15993.0529       3.9025   308.1
0.3355      -15989.1535  -15993.0098       3.8562   304.4
0.3360      -15989.1564  -15993.0045       3.8481   303.8
0.3365      -15989.1605  -15993.0391       3.8785   306.2
0.3370      -15989.1672  -15993.0866       3.9194   309.4
0.3375      -15989.1746  -15993.1112       3.9366   310.8
0.3380      -15989.1809  -15993.0945       3.9136   308.9
0.3385      -15989.1847  -15993.0450       3.8603   304.7
0.3390      -15989.1868  -15992.9896       3.8028   300.2
0.3395      -15989.1865  -15992.9523       3.7658   297.3
0.3400      -15989.1852  -15992.9439       3.7588   296.7
0.3405      -15989.1839  -15992.9606       3.7767   298.1
0.3410      -15989.1830  -15992.9915       3.8086   300.7
0.3415      -15989.1844  -15993.0257       3.8414   303.2
0.3420      -15989.1872  -15993.0485       3.8613   304.8
0.3425      -15989.1904  -15993.0446       3.8541   304.3
0.3430      -15989.1921  -15993.0069       3.8148   301.2
0.3435      -15989.1906  -15992.9478       3.7572   296.6
0.3440      -15989.1861  -15992.8947       3.7086   292.8
0.3445      -15989.1814  -15992.8705       3.6892   291.2
0.3450      -15989.1769  -15992.8722       3.6953   291.7
0.3455      -15989.1728  -15992.8746       3.7018   292.2
0.3460      -15989.1676  -15992.8495       3.6820   290.7
0.3465      -15989.1595  -15992.7884       3.6290   286.5
0.3470      -15989.1482  -15992.7088       3.5606   281.1
0.3475      -15989.1338  -15992.6409       3.5071   276.9
0.3480      -15989.1179  -15992.6095       3.4915   275.6
0.3485      -15989.1026  -15992.6229       3.5203   277.9
0.3490      -15989.0891  -15992.6745       3.5854   283.0
0.3495      -15989.0798  -15992.7516       3.6718   289.9
0.3500      -15989.0749  -15992.8378       3.7629   297.1
0.3505      -15989.0750  -15992.9144       3.8394   303.1
0.3510      -15989.0788  -15992.9608       3.8819   306.4
0.3515      -15989.0834  -15992.9637       3.8804   306.3
0.3520      -15989.0866  -15992.9304       3.8438   303.4
0.3525      -15989.0872  -15992.8877       3.8005   300.0
0.3530      -15989.0865  -15992.8657       3.7792   298.3
0.3535      -15989.0863  -15992.8763       3.7900   299.2
0.3540      -15989.0874  -15992.9052       3.8179   301.4
0.3545      -15989.0899  -15992.9232       3.8333   302.6
0.3550      -15989.0917  -15992.9039       3.8122   300.9
0.3555      -15989.0911  -15992.8395       3.7484   295.9
0.3560      -15989.0870  -15992.7416       3.6546   288.5
0.3565      -15989.0778  -15992.6316       3.5538   280.5
0.3570      -15989.0640  -15992.5332       3.4692   273.9
0.3575      -15989.0462  -15992.4663       3.4200   270.0
0.3580      -15989.0266  -15992.4453       3.4187   269.9
0.3585      -15989.0074  -15992.4733       3.4658   273.6
0.3590      -15988.9924  -15992.5399       3.5474   280.0
0.3595      -15988.9808  -15992.6214       3.6407   287.4
0.3600      -15988.9728  -15992.6972       3.7244   294.0
0.3605      -15988.9683  -15992.7609       3.7926   299.4
0.3610      -15988.9668  -15992.8220       3.8553   304.3
0.3615      -15988.9693  -15992.8925       3.9233   309.7
0.3620      -15988.9760  -15992.9732       3.9971   315.5
0.3625      -15988.9865  -15993.0528       4.0663   321.0
0.3630      -15988.9995  -15993.1164       4.1169   325.0
0.3635      -15989.0153  -15993.1565       4.1412   326.9
0.3640      -15989.0315  -15993.1721       4.1406   326.9
0.3645      -15989.0478  -15993.1678       4.1200   325.2
0.3650      -15989.0637  -15993.1452       4.0815   322.2
0.3655      -15989.0774  -15993.1026       4.0253   317.8
0.3660      -15989.0879  -15993.0414       3.9535   312.1
0.3665      -15989.0947  -15992.9720       3.8773   306.1
0.3670      -15989.0981  -15992.9125       3.8144   301.1
0.3675      -15989.0990  -15992.8761       3.7771   298.2
0.3680      -15989.0997  -15992.8634       3.7636   297.1
0.3685      -15989.0991  -15992.8621       3.7629   297.1
0.3690      -15989.0978  -15992.8626       3.7649   297.2
0.3695      -15989.0960  -15992.8646       3.7686   297.5
0.3700      -15989.0957  -15992.8749       3.7792   298.3
0.3705      -15989.0960  -15992.8939       3.7979   299.8
0.3710      -15989.0972  -15992.9157       3.8184   301.4
0.3715      -15989.0989  -15992.9321       3.8332   302.6
0.3720      -15989.1002  -15992.9423       3.8421   303.3
0.3725      -15989.1015  -15992.9559       3.8544   304.3
0.3730      -15989.1036  -15992.9851       3.8815   306.4
0.3735      -15989.1079  -15993.0321       3.9243   309.8
0.3740      -15989.1148  -15993.0822       3.9674   313.2
0.3745      -15989.1244  -15993.1122       3.9879   314.8
0.3750      -15989.1334  -15993.1035       3.9701   313.4
0.3755      -15989.1406  -15993.0561       3.9155   309.1
0.3760      -15989.1451  -15992.9849       3.8398   303.1
0.3765      -15989.1459  -15992.9089       3.7631   297.1
0.3770      -15989.1430  -15992.8454       3.7024   292.3
0.3775      -15989.1368  -15992.8102       3.6733   290.0
0.3780      -15989.1297  -15992.8179       3.6882   291.2
0.3785      -15989.1245  -15992.8723       3.7478   295.9
0.3790      -15989.1243  -15992.9605       3.8363   302.8
0.3795      -15989.1280  -15993.0531       3.9251   309.9
0.3800      -15989.1355  -15993.1192       3.9836   314.5
0.3805      -15989.1449  -15993.1407       3.9958   315.4
0.3810      -15989.1537  -15993.1216       3.9680   313.2
0.3815      -15989.1609  -15993.0838       3.9229   309.7
0.3820      -15989.1665  -15993.0534       3.8869   306.8
0.3825      -15989.1714  -15993.0462       3.8748   305.9
0.3830      -15989.1761  -15993.0597       3.8835   306.6
0.3835      -15989.1818  -15993.0800       3.8982   307.7
0.3840      -15989.1872  -15993.0921       3.9049   308.3
0.3845      -15989.1923  -15993.0899       3.8976   307.7
0.3850      -15989.1967  -15993.0732       3.8765   306.0
0.3855      -15989.2007  -15993.0454       3.8448   303.5
0.3860      -15989.2022  -15993.0110       3.8089   300.7
0.3865      -15989.2017  -15992.9809       3.7791   298.3
0.3870      -15989.2004  -15992.9670       3.7666   297.3
0.3875      -15989.1992  -15992.9752       3.7760   298.1
0.3880      -15989.1991  -15992.9999       3.8008   300.0
0.3885      -15989.2000  -15993.0288       3.8288   302.3
0.3890      -15989.2016  -15993.0516       3.8500   303.9
0.3895      -15989.2035  -15993.0655       3.8620   304.9
0.3900      -15989.2067  -15993.0755       3.8688   305.4
0.3905      -15989.2098  -15993.0865       3.8767   306.0
0.3910      -15989.2138  -15993.1022       3.8885   307.0
0.3915      -15989.2189  -15993.1219       3.9030   308.1
0.3920      -15989.2248  -15993.1409       3.9160   309.1
0.3925      -15989.2316  -15993.1535       3.9218   309.6
0.3930      -15989.2383  -15993.1563       3.9180   309.3
0.3935      -15989.2444  -15993.1502       3.9058   308.3
0.3940      -15989.2494  -15993.1396       3.8902   307.1
0.3945      -15989.2546  -15993.1314       3.8768   306.0
0.3950      -15989.2590  -15993.1265       3.8674   305.3
0.3955      -15989.2631  -15993.1203       3.8573   304.5
0.3960      -15989.2666  -15993.1061       3.8395   303.1
0.3965      -15989.2686  -15993.0807       3.8121   300.9
0.3970      -15989.2691  -15993.0484       3.7793   298.3
0.3975      -15989.2681  -15993.0186       3.7505   296.1
0.3980      -15989.2660  -15993.0015       3.7356   294.9
0.3985      -15989.2634  -15993.0020       3.7385   295.1
0.3990      -15989.2618  -15993.0188       3.7570   296.6
0.3995      -15989.2607  -15993.0448       3.7841   298.7
0.4000      -15989.2609  -15993.0702       3.8093   300.7
0.4005      -15989.2623  -15993.0824       3.8201   301.6
0.4010      -15989.2648  -15993.0720       3.8072   300.6
0.4015      -15989.2648  -15993.0358       3.7710   297.7
0.4020      -15989.2620  -15992.9860       3.7240   294.0
0.4025      -15989.2569  -15992.9463       3.6894   291.2
0.4030      -15989.2507  -15992.9391       3.6884   291.2
0.4035      -15989.2458  -15992.9727       3.7269   294.2
0.4040      -15989.2432  -15993.0360       3.7928   299.4
0.4045      -15989.2436  -15993.1064       3.8628   304.9
0.4050      -15989.2470  -15993.1625       3.9155   309.1
0.4055      -15989.2518  -15993.1948       3.9431   311.3
0.4060      -15989.2577  -15993.2114       3.9537   312.1
0.4065      -15989.2645  -15993.2300       3.9655   313.0
0.4070      -15989.2728  -15993.2661       3.9933   315.2
0.4075      -15989.2834  -15993.3230       4.0396   318.9
0.4080      -15989.2967  -15993.3907       4.0940   323.2
0.4085      -15989.3131  -15993.4513       4.1382   326.7
0.4090      -15989.3311  -15993.4853       4.1542   327.9
0.4095      -15989.3490  -15993.4796       4.1307   326.1
0.4100      -15989.3643  -15993.4350       4.0706   321.3
0.4105      -15989.3766  -15993.3701       3.9935   315.3
0.4110      -15989.3853  -15993.3113       3.9260   309.9
0.4115      -15989.3919  -15993.2770       3.8851   306.7
0.4120      -15989.3971  -15993.2667       3.8696   305.5
0.4125      -15989.4023  -15993.2676       3.8653   305.1
0.4130      -15989.4064  -15993.2624       3.8560   304.4
0.4135      -15989.4094  -15993.2383       3.8289   302.3
0.4140      -15989.4098  -15993.1912       3.7814   298.5
0.4145      -15989.4079  -15993.1322       3.7242   294.0
0.4150      -15989.4025  -15993.0814       3.6789   290.4
0.4155      -15989.3956  -15993.0609       3.6653   289.3
0.4160      -15989.3895  -15993.0818       3.6923   291.5
0.4165      -15989.3857  -15993.1388       3.7531   296.3
0.4170      -15989.3858  -15993.2133       3.8275   302.2
0.4175      -15989.3895  -15993.2795       3.8900   307.1
0.4180      -15989.3953  -15993.3134       3.9181   309.3
0.4185      -15989.4003  -15993.3059       3.9056   308.3
0.4190      -15989.4042  -15993.2744       3.8702   305.5
0.4195      -15989.4058  -15993.2523       3.8464   303.6
0.4200      -15989.4079  -15993.2674       3.8595   304.7
0.4205      -15989.4124  -15993.3182       3.9058   308.3
0.4210      -15989.4193  -15993.3766       3.9573   312.4
0.4215      -15989.4280  -15993.4088       3.9808   314.3
0.4220      -15989.4362  -15993.3949       3.9587   312.5
0.4225      -15989.4422  -15993.3380       3.8958   307.5
0.4230      -15989.4449  -15993.2599       3.8150   301.2
0.4235      -15989.4439  -15993.1883       3.7444   295.6
0.4240      -15989.4413  -15993.1441       3.7028   292.3
0.4245      -15989.4372  -15993.1317       3.6945   291.7
0.4250      -15989.4331  -15993.1432       3.7100   292.9
0.4255      -15989.4295  -15993.1634       3.7339   294.8
0.4260      -15989.4278  -15993.1793       3.7515   296.2
0.4265      -15989.4257  -15993.1797       3.7539   296.3
0.4270      -15989.4231  -15993.1625       3.7394   295.2
0.4275      -15989.4193  -15993.1353       3.7160   293.3
0.4280      -15989.4142  -15993.1134       3.6992   292.0
0.4285      -15989.4089  -15993.1111       3.7022   292.3
0.4290      -15989.4042  -15993.1337       3.7296   294.4
0.4295      -15989.4010  -15993.1761       3.7751   298.0
0.4300      -15989.4012  -15993.2253       3.8241   301.9
0.4305      -15989.4028  -15993.2625       3.8597   304.7
0.4310      -15989.4049  -15993.2768       3.8718   305.7
0.4315      -15989.4068  -15993.2719       3.8652   305.1
0.4320      -15989.4080  -15993.2654       3.8574   304.5
0.4325      -15989.4098  -15993.2750       3.8652   305.1
0.4330      -15989.4133  -15993.3056       3.8924   307.3
0.4335      -15989.4188  -15993.3449       3.9261   309.9
0.4340      -15989.4259  -15993.3703       3.9443   311.4
0.4345      -15989.4335  -15993.3620       3.9286   310.1
0.4350      -15989.4389  -15993.3142       3.8753   305.9
0.4355      -15989.4406  -15993.2409       3.8003   300.0
0.4360      -15989.4385  -15993.1728       3.7343   294.8
0.4365      -15989.4348  -15993.1407       3.7060   292.6
0.4370      -15989.4316  -15993.1525       3.7210   293.7
0.4375      -15989.4301  -15993.1840       3.7538   296.3
0.4380      -15989.4294  -15993.1926       3.7632   297.1
0.4385      -15989.4275  -15993.1466       3.7191   293.6
0.4390      -15989.4210  -15993.0432       3.6222   285.9
0.4395      -15989.4089  -15992.9095       3.5006   276.3
0.4400      -15989.3911  -15992.7834       3.3923   267.8
0.4405      -15989.3692  -15992.6974       3.3282   262.7
0.4410      -15989.3449  -15992.6693       3.3244   262.4
0.4415      -15989.3216  -15992.7010       3.3794   266.8
0.4420      -15989.3021  -15992.7769       3.4748   274.3
0.4425      -15989.2889  -15992.8684       3.5795   282.6
0.4430      -15989.2800  -15992.9391       3.6591   288.9
0.4435      -15989.2739  -15992.9621       3.6881   291.1
0.4440      -15989.2679  -15992.9310       3.6631   289.2
0.4445      -15989.2593  -15992.8655       3.6062   284.7
0.4450      -15989.2478  -15992.8034       3.5556   280.7
0.4455      -15989.2342  -15992.7837       3.5494   280.2
0.4460      -15989.2219  -15992.8276       3.6057   284.6
0.4465      -15989.2141  -15992.9251       3.7110   293.0
0.4470      -15989.2116  -15993.0345       3.8228   301.8
0.4475      -15989.2140  -15993.1033       3.8894   307.0
0.4480      -15989.2170  -15993.0965       3.8795   306.3
0.4485      -15989.2176  -15993.0172       3.7996   300.0
0.4490      -15989.2137  -15992.9007       3.6870   291.1
0.4495      -15989.2048  -15992.7951       3.5903   283.4
0.4500      -15989.1935  -15992.7408       3.5473   280.0
0.4505      -15989.1817  -15992.7533       3.5717   282.0
0.4510      -15989.1723  -15992.8214       3.6491   288.1
0.4515      -15989.1672  -15992.9130       3.7458   295.7
0.4520      -15989.1657  -15992.9929       3.8272   302.1
0.4525      -15989.1672  -15993.0398       3.8726   305.7
0.4530      -15989.1699  -15993.0504       3.8805   306.3
0.4535      -15989.1724  -15993.0342       3.8618   304.9
0.4540      -15989.1732  -15993.0062       3.8330   302.6
0.4545      -15989.1733  -15992.9869       3.8136   301.1
0.4550      -15989.1725  -15992.9936       3.8211   301.6
0.4555      -15989.1733  -15993.0355       3.8622   304.9
0.4560      -15989.1774  -15993.1049       3.9275   310.0
0.4565      -15989.1852  -15993.1799       3.9948   315.4
0.4570      -15989.1964  -15993.2360       4.0396   318.9
0.4575      -15989.2087  -15993.2562       4.0475   319.5
0.4580      -15989.2208  -15993.2377       4.0169   317.1
0.4585      -15989.2313  -15993.1863       3.9550   312.2
0.4590      -15989.2381  -15993.1111       3.8730   305.7
0.4595      -15989.2406  -15993.0224       3.7818   298.5
0.4600      -15989.2381  -15992.9343       3.6962   291.8
0.4605      -15989.2312  -15992.8661       3.6349   286.9
0.4610      -15989.2221  -15992.8365       3.6144   285.3
0.4615      -15989.2131  -15992.8520       3.6389   287.3
0.4620      -15989.2064  -15992.9006       3.6942   291.6
0.4625      -15989.2021  -15992.9591       3.7570   296.6
0.4630      -15989.2001  -15993.0098       3.8097   300.7
0.4635      -15989.2001  -15993.0467       3.8467   303.7
0.4640      -15989.2029  -15993.0728       3.8698   305.5
0.4645      -15989.2063  -15993.0888       3.8825   306.5
0.4650      -15989.2101  -15993.0964       3.8863   306.8
0.4655      -15989.2135  -15993.0979       3.8844   306.6
0.4660      -15989.2178  -15993.1001       3.8823   306.5
0.4665      -15989.2220  -15993.1042       3.8822   306.5
0.4670      -15989.2268  -15993.1024       3.8756   305.9
0.4675      -15989.2306  -15993.0769       3.8463   303.6
0.4680      -15989.2325  -15993.0168       3.7843   298.7
0.4685      -15989.2296  -15992.9298       3.7002   292.1
0.4690      -15989.2223  -15992.8486       3.6263   286.3
0.4695      -15989.2131  -15992.8104       3.5973   284.0
0.4700      -15989.2048  -15992.8298       3.6250   286.2
0.4705      -15989.1991  -15992.8895       3.6904   291.3
0.4710      -15989.1958  -15992.9579       3.7621   297.0
0.4715      -15989.1950  -15993.0107       3.8157   301.2
0.4720      -15989.1961  -15993.0357       3.8396   303.1
0.4725      -15989.1984  -15993.0300       3.8316   302.5
0.4730      -15989.1987  -15992.9972       3.7985   299.9
0.4735      -15989.1966  -15992.9522       3.7556   296.5
0.4740      -15989.1920  -15992.9166       3.7246   294.0
0.4745      -15989.1871  -15992.9105       3.7234   293.9
0.4750      -15989.1828  -15992.9420       3.7592   296.8
0.4755      -15989.1811  -15993.0054       3.8243   301.9
0.4760      -15989.1835  -15993.0818       3.8982   307.7
0.4765      -15989.1891  -15993.1453       3.9563   312.3
0.4770      -15989.1972  -15993.1775       3.9804   314.2
0.4775      -15989.2052  -15993.1753       3.9700   313.4
0.4780      -15989.2125  -15993.1541       3.9416   311.2
0.4785      -15989.2188  -15993.1356       3.9168   309.2
0.4790      -15989.2243  -15993.1364       3.9121   308.8
0.4795      -15989.2304  -15993.1652       3.9348   310.6
0.4800      -15989.2384  -15993.2199       3.9815   314.3
0.4805      -15989.2496  -15993.2849       4.0354   318.6
0.4810      -15989.2629  -15993.3336       4.0707   321.4
0.4815      -15989.2773  -15993.3450       4.0677   321.1
0.4820      -15989.2899  -15993.3144       4.0245   317.7
0.4825      -15989.2997  -15993.2548       3.9551   312.2
0.4830      -15989.3055  -15993.1869       3.8814   306.4
0.4835      -15989.3090  -15993.1326       3.8236   301.8
0.4840      -15989.3098  -15993.1039       3.7941   299.5
0.4845      -15989.3096  -15993.1033       3.7937   299.5
0.4850      -15989.3098  -15993.1237       3.8139   301.1
0.4855      -15989.3107  -15993.1548       3.8441   303.5
0.4860      -15989.3135  -15993.1884       3.8750   305.9
0.4865      -15989.3179  -15993.2157       3.8978   307.7
0.4870      -15989.3233  -15993.2249       3.9016   308.0
0.4875      -15989.3276  -15993.2087       3.8811   306.4
0.4880      -15989.3309  -15993.1763       3.8454   303.6
0.4885      -15989.3324  -15993.1455       3.8131   301.0
0.4890      -15989.3334  -15993.1281       3.7947   299.6
0.4895      -15989.3338  -15993.1181       3.7843   298.7
0.4900      -15989.3344  -15993.1019       3.7675   297.4
0.4905      -15989.3327  -15993.0677       3.7350   294.8
0.4910      -15989.3287  -15993.0173       3.6886   291.2
0.4915      -15989.3217  -15992.9604       3.6387   287.2
0.4920      -15989.3134  -15992.9110       3.5976   284.0
0.4925      -15989.3027  -15992.8775       3.5748   282.2
0.4930      -15989.2913  -15992.8627       3.5714   281.9
0.4935      -15989.2800  -15992.8622       3.5823   282.8
0.4940      -15989.2690  -15992.8710       3.6020   284.3
0.4945      -15989.2594  -15992.8869       3.6275   286.4
0.4950      -15989.2517  -15992.9075       3.6558   288.6
0.4955      -15989.2454  -15992.9257       3.6803   290.5
0.4960      -15989.2395  -15992.9367       3.6972   291.9
0.4965      -15989.2344  -15992.9466       3.7123   293.1
0.4970      -15989.2302  -15992.9662       3.7360   294.9
0.4975      -15989.2282  -15992.9947       3.7665   297.3
0.4980      -15989.2278  -15993.0142       3.7865   298.9
0.4985      -15989.2280  -15993.0035       3.7755   298.0
0.4990      -15989.2257  -15992.9526       3.7269   294.2
0.4995      -15989.2199  -15992.8719       3.6520   288.3
0.5000      -15989.2105  -15992.7851       3.5746   282.2
0.5005      -15989.1975  -15992.7175       3.5200   277.9
0.5010      -15989.1831  -15992.6856       3.5025   276.5
0.5015      -15989.1685  -15992.6912       3.5227   278.1
0.5020      -15989.1550  -15992.7256       3.5706   281.9
0.5025      -15989.1438  -15992.7770       3.6332   286.8
0.5030      -15989.1358  -15992.8333       3.6975   291.9
0.5035      -15989.1315  -15992.8792       3.7476   295.8
0.5040      -15989.1291  -15992.8962       3.7671   297.4
0.5045      -15989.1264  -15992.8737       3.7473   295.8
0.5050      -15989.1213  -15992.8196       3.6983   292.0
0.5055      -15989.1147  -15992.7582       3.6435   287.6
0.5060      -15989.1061  -15992.7106       3.6044   284.5
0.5065      -15989.0961  -15992.6869       3.5908   283.5
0.5070      -15989.0853  -15992.6893       3.6040   284.5
0.5075      -15989.0748  -15992.7213       3.6465   287.9
0.5080      -15989.0674  -15992.7862       3.7188   293.6
0.5085      -15989.0644  -15992.8757       3.8114   300.9
0.5090      -15989.0663  -15992.9652       3.8990   307.8
0.5095      -15989.0713  -15993.0225       3.9512   311.9
0.5100      -15989.0779  -15993.0290       3.9511   311.9
0.5105      -15989.0823  -15992.9917       3.9094   308.6
0.5110      -15989.0841  -15992.9445       3.8603   304.7
0.5115      -15989.0851  -15992.9287       3.8435   303.4
0.5120      -15989.0876  -15992.9662       3.8786   306.2
0.5125      -15989.0939  -15993.0460       3.9521   312.0
0.5130      -15989.1036  -15993.1343       4.0307   318.2
0.5135      -15989.1165  -15993.1988       4.0823   322.3
0.5140      -15989.1315  -15993.2187       4.0873   322.7
0.5145      -15989.1457  -15993.1847       4.0390   318.8
0.5150      -15989.1563  -15993.1008       3.9445   311.4
0.5155      -15989.1605  -15992.9927       3.8321   302.5
0.5160      -15989.1590  -15992.9054       3.7464   295.7
0.5165      -15989.1548  -15992.8836       3.7289   294.4
0.5170      -15989.1526  -15992.9467       3.7941   299.5
0.5175      -15989.1552  -15993.0740       3.9188   309.4
0.5180      -15989.1644  -15993.2150       4.0506   319.8
0.5185      -15989.1789  -15993.3133       4.1344   326.4
0.5190      -15989.1958  -15993.3339       4.1381   326.7
0.5195      -15989.2104  -15993.2757       4.0653   320.9
0.5200      -15989.2206  -15993.1692       3.9486   311.7
0.5205      -15989.2255  -15993.0563       3.8308   302.4
0.5210      -15989.2262  -15992.9713       3.7451   295.6
0.5215      -15989.2235  -15992.9317       3.7083   292.7
0.5220      -15989.2200  -15992.9400       3.7200   293.7
0.5225      -15989.2184  -15992.9826       3.7643   297.2
0.5230      -15989.2200  -15993.0310       3.8110   300.8
0.5235      -15989.2229  -15993.0501       3.8272   302.1
0.5240      -15989.2247  -15993.0195       3.7947   299.6
0.5245      -15989.2232  -15992.9459       3.7228   293.9
0.5250      -15989.2181  -15992.8606       3.6425   287.5
0.5255      -15989.2094  -15992.7972       3.5878   283.2
0.5260      -15989.1994  -15992.7748       3.5754   282.3
0.5265      -15989.1898  -15992.7883       3.5985   284.1
0.5270      -15989.1820  -15992.8147       3.6328   286.8
0.5275      -15989.1747  -15992.8258       3.6511   288.2
0.5280      -15989.1670  -15992.8053       3.6383   287.2
0.5285      -15989.1576  -15992.7567       3.5991   284.1
0.5290      -15989.1465  -15992.6987       3.5522   280.4
0.5295      -15989.1331  -15992.6496       3.5165   277.6
0.5300      -15989.1179  -15992.6230       3.5051   276.7
0.5305      -15989.1022  -15992.6292       3.5270   278.4
0.5310      -15989.0895  -15992.6748       3.5853   283.0
0.5315      -15989.0805  -15992.7478       3.6672   289.5
0.5320      -15989.0760  -15992.8168       3.7407   295.3
0.5325      -15989.0740  -15992.8478       3.7738   297.9
0.5330      -15989.0714  -15992.8310       3.7596   296.8
0.5335      -15989.0672  -15992.7888       3.7216   293.8
0.5340      -15989.0619  -15992.7602       3.6982   291.9
0.5345      -15989.0572  -15992.7745       3.7173   293.5
0.5350      -15989.0549  -15992.8348       3.7799   298.4
0.5355      -15989.0570  -15992.9190       3.8619   304.9
0.5360      -15989.0620  -15992.9930       3.9311   310.3
0.5365      -15989.0685  -15993.0342       3.9657   313.1
0.5370      -15989.0749  -15993.0428       3.9679   313.2
0.5375      -15989.0822  -15993.0393       3.9572   312.4
0.5380      -15989.0891  -15993.0415       3.9524   312.0
0.5385      -15989.0962  -15993.0557       3.9595   312.6
0.5390      -15989.1041  -15993.0759       3.9718   313.5
0.5395      -15989.1128  -15993.0892       3.9764   313.9
0.5400      -15989.1222  -15993.0761       3.9539   312.1
0.5405      -15989.1295  -15993.0160       3.8865   306.8
0.5410      -15989.1317  -15992.9053       3.7736   297.9
0.5415      -15989.1264  -15992.7669       3.6405   287.4
0.5420      -15989.1158  -15992.6444       3.5286   278.6
0.5425      -15989.1010  -15992.5746       3.4736   274.2
0.5430      -15989.0855  -15992.5705       3.4849   275.1
0.5435      -15989.0722  -15992.6142       3.5420   279.6
0.5440      -15989.0616  -15992.6671       3.6055   284.6
0.5445      -15989.0536  -15992.6894       3.6359   287.0
0.5450      -15989.0450  -15992.6598       3.6148   285.4
0.5455      -15989.0340  -15992.5868       3.5528   280.5
0.5460      -15989.0203  -15992.4987       3.4784   274.6
0.5465      -15989.0034  -15992.4226       3.4192   269.9
0.5470      -15988.9842  -15992.3730       3.3888   267.5
0.5475      -15988.9632  -15992.3556       3.3923   267.8
0.5480      -15988.9425  -15992.3750       3.4325   271.0
0.5485      -15988.9245  -15992.4282       3.5037   276.6
0.5490      -15988.9098  -15992.4982       3.5884   283.3
0.5495      -15988.8991  -15992.5638       3.6648   289.3
0.5500      -15988.8904  -15992.6135       3.7230   293.9
0.5505      -15988.8840  -15992.6536       3.7696   297.6
0.5510      -15988.8802  -15992.6971       3.8169   301.3
0.5515      -15988.8804  -15992.7529       3.8725   305.7
0.5520      -15988.8832  -15992.8201       3.9370   310.8
0.5525      -15988.8894  -15992.8939       4.0045   316.1
0.5530      -15988.8990  -15992.9659       4.0668   321.0
0.5535      -15988.9132  -15993.0296       4.1164   325.0
0.5540      -15988.9292  -15993.0773       4.1481   327.5
0.5545      -15988.9469  -15993.1039       4.1569   328.2
0.5550      -15988.9652  -15993.1026       4.1374   326.6
0.5555      -15988.9812  -15993.0706       4.0893   322.8
0.5560      -15988.9939  -15993.0179       4.0241   317.7
0.5565      -15989.0029  -15992.9677       3.9648   313.0
0.5570      -15989.0096  -15992.9419       3.9323   310.4
0.5575      -15989.0153  -15992.9467       3.9314   310.4
0.5580      -15989.0220  -15992.9744       3.9524   312.0
0.5585      -15989.0288  -15993.0109       3.9821   314.4
0.5590      -15989.0369  -15993.0463       4.0093   316.5
0.5595      -15989.0470  -15993.0717       4.0247   317.7
0.5600      -15989.0578  -15993.0763       4.0186   317.2
0.5605      -15989.0680  -15993.0500       3.9820   314.3
0.5610      -15989.0756  -15992.9923       3.9166   309.2
0.5615      -15989.0795  -15992.9197       3.8402   303.2
0.5620      -15989.0795  -15992.8628       3.7834   298.7
0.5625      -15989.0788  -15992.8557       3.7769   298.2
0.5630      -15989.0796  -15992.9132       3.8336   302.6
0.5635      -15989.0850  -15993.0199       3.9349   310.6
0.5640      -15989.0955  -15993.1348       4.0392   318.9
0.5645      -15989.1110  -15993.2155       4.1045   324.0
0.5650      -15989.1279  -15993.2310       4.1031   323.9
0.5655      -15989.1436  -15993.1678       4.0243   317.7
0.5660      -15989.1537  -15993.0297       3.8760   306.0
0.5665      -15989.1538  -15992.8464       3.6925   291.5
0.5670      -15989.1445  -15992.6766       3.5320   278.8
0.5675      -15989.1289  -15992.5866       3.4577   273.0
0.5680      -15989.1131  -15992.6172       3.5041   276.6
0.5685      -15989.1027  -15992.7574       3.6547   288.5
0.5690      -15989.1004  -15992.9500       3.8496   303.9
0.5695      -15989.1072  -15993.1252       4.0180   317.2
0.5700      -15989.1192  -15993.2316       4.1123   324.6
0.5705      -15989.1334  -15993.2561       4.1227   325.5
0.5710      -15989.1468  -15993.2206       4.0737   321.6
0.5715      -15989.1577  -15993.1636       4.0059   316.2
0.5720      -15989.1663  -15993.1216       3.9554   312.2
0.5725      -15989.1735  -15993.1182       3.9447   311.4
0.5730      -15989.1818  -15993.1609       3.9791   314.1
0.5735      -15989.1935  -15993.2361       4.0427   319.1
0.5740      -15989.2103  -15993.3098       4.0995   323.6
0.5745      -15989.2282  -15993.3374       4.1092   324.4
0.5750      -15989.2441  -15993.2929       4.0488   319.6
0.5755      -15989.2548  -15993.1838       3.9290   310.2
0.5760      -15989.2585  -15993.0483       3.7898   299.2
0.5765      -15989.2562  -15992.9329       3.6767   290.3
0.5770      -15989.2499  -15992.8677       3.6178   285.6
0.5775      -15989.2422  -15992.8537       3.6116   285.1
0.5780      -15989.2346  -15992.8674       3.6329   286.8
0.5785      -15989.2284  -15992.8785       3.6501   288.1
0.5790      -15989.2214  -15992.8638       3.6424   287.5
0.5795      -15989.2130  -15992.8197       3.6067   284.7
0.5800      -15989.2023  -15992.7588       3.5565   280.8
0.5805      -15989.1887  -15992.7039       3.5153   277.5
0.5810      -15989.1734  -15992.6805       3.5071   276.9
0.5815      -15989.1592  -15992.7061       3.5469   280.0
0.5820      -15989.1486  -15992.7731       3.6244   286.1
0.5825      -15989.1432  -15992.8449       3.7018   292.2
0.5830      -15989.1395  -15992.8765       3.7370   295.0
0.5835      -15989.1350  -15992.8466       3.7116   293.0
0.5840      -15989.1272  -15992.7723       3.6451   287.8
0.5845      -15989.1167  -15992.7007       3.5839   282.9
0.5850      -15989.1045  -15992.6783       3.5738   282.1
0.5855      -15989.0941  -15992.7251       3.6310   286.6
0.5860      -15989.0880  -15992.8241       3.7361   294.9
0.5865      -15989.0876  -15992.9367       3.8491   303.9
0.5870      -15989.0905  -15993.0251       3.9345   310.6
0.5875      -15989.0960  -15993.0739       3.9779   314.0
0.5880      -15989.1028  -15993.0929       3.9901   315.0
0.5885      -15989.1115  -15993.1073       3.9958   315.4
0.5890      -15989.1204  -15993.1374       4.0170   317.1
0.5895      -15989.1312  -15993.1940       4.0628   320.7
0.5900      -15989.1454  -15993.2721       4.1268   325.8
0.5905      -15989.1630  -15993.3498       4.1869   330.5
0.5910      -15989.1829  -15993.3938       4.2109   332.4
0.5915      -15989.2021  -15993.3770       4.1749   329.6
0.5920      -15989.2176  -15993.2962       4.0786   322.0
0.5925      -15989.2269  -15993.1744       3.9475   311.6
0.5930      -15989.2303  -15993.0506       3.8203   301.6
0.5935      -15989.2284  -15992.9591       3.7307   294.5
0.5940      -15989.2235  -15992.9156       3.6921   291.5
0.5945      -15989.2173  -15992.9140       3.6967   291.8
0.5950      -15989.2119  -15992.9383       3.7264   294.2
0.5955      -15989.2072  -15992.9726       3.7654   297.2
0.5960      -15989.2043  -15993.0093       3.8050   300.4
0.5965      -15989.2035  -15993.0459       3.8424   303.3
0.5970      -15989.2059  -15993.0821       3.8762   306.0
0.5975      -15989.2094  -15993.1124       3.9030   308.1
0.5980      -15989.2139  -15993.1317       3.9178   309.3
0.5985      -15989.2187  -15993.1381       3.9194   309.4
0.5990      -15989.2248  -15993.1347       3.9099   308.7
0.5995      -15989.2300  -15993.1204       3.8904   307.1
0.6000      -15989.2340  -15993.0931       3.8590   304.6
0.6005      -15989.2359  -15993.0531       3.8172   301.3
0.6010      -15989.2357  -15993.0126       3.7768   298.2
0.6015      -15989.2328  -15992.9913       3.7585   296.7
0.6020      -15989.2298  -15993.0100       3.7802   298.4
0.6025      -15989.2295  -15993.0737       3.8442   303.5
0.6030      -15989.2348  -15993.1653       3.9304   310.3
0.6035      -15989.2437  -15993.2466       4.0029   316.0
0.6040      -15989.2547  -15993.2817       4.0269   317.9
0.6045      -15989.2649  -15993.2557       3.9908   315.0
0.6050      -15989.2715  -15993.1877       3.9162   309.2
0.6055      -15989.2744  -15993.1219       3.8475   303.7
0.6060      -15989.2755  -15993.1036       3.8281   302.2
0.6065      -15989.2781  -15993.1534       3.8753   305.9
0.6070      -15989.2851  -15993.2568       3.9717   313.5
0.6075      -15989.2972  -15993.3713       4.0742   321.6
0.6080      -15989.3134  -15993.4483       4.1349   326.4
0.6085      -15989.3304  -15993.4562       4.1258   325.7
0.6090      -15989.3450  -15993.3943       4.0493   319.7
0.6095      -15989.3548  -15993.2885       3.9337   310.5
0.6100      -15989.3598  -15993.1776       3.8178   301.4
0.6105      -15989.3598  -15993.0920       3.7322   294.6
0.6110      -15989.3568  -15993.0436       3.6868   291.0
0.6115      -15989.3521  -15993.0242       3.6721   289.9
0.6120      -15989.3469  -15993.0176       3.6707   289.8
0.6125      -15989.3402  -15993.0107       3.6704   289.8
0.6130      -15989.3327  -15993.0042       3.6715   289.8
0.6135      -15989.3248  -15993.0108       3.6861   291.0
0.6140      -15989.3193  -15993.0466       3.7273   294.2
0.6145      -15989.3163  -15993.1135       3.7972   299.8
0.6150      -15989.3172  -15993.1995       3.8823   306.5
0.6155      -15989.3222  -15993.2866       3.9645   313.0
0.6160      -15989.3309  -15993.3620       4.0312   318.2
0.6165      -15989.3433  -15993.4185       4.0752   321.7
0.6170      -15989.3578  -15993.4484       4.0907   322.9
0.6175      -15989.3724  -15993.4427       4.0702   321.3
0.6180      -15989.3845  -15993.3959       4.0114   316.7
0.6185      -15989.3936  -15993.3184       3.9248   309.8
0.6190      -15989.3976  -15993.2312       3.8335   302.6
0.6195      -15989.3979  -15993.1588       3.7609   296.9
0.6200      -15989.3960  -15993.1113       3.7153   293.3
0.6205      -15989.3920  -15993.0800       3.6880   291.1
0.6210      -15989.3861  -15993.0498       3.6637   289.2
0.6215      -15989.3782  -15993.0148       3.6366   287.1
0.6220      -15989.3685  -15992.9842       3.6157   285.4
0.6225      -15989.3584  -15992.9735       3.6152   285.4
0.6230      -15989.3487  -15992.9898       3.6411   287.4
0.6235      -15989.3417  -15993.0293       3.6876   291.1
0.6240      -15989.3365  -15993.0803       3.7438   295.5
0.6245      -15989.3343  -15993.1329       3.7986   299.9
0.6250      -15989.3350  -15993.1749       3.8399   303.1
0.6255      -15989.3367  -15993.1928       3.8562   304.4
0.6260      -15989.3391  -15993.1829       3.8438   303.4
0.6265      -15989.3395  -15993.1560       3.8165   301.3
0.6270      -15989.3386  -15993.1401       3.8016   300.1
0.6275      -15989.3384  -15993.1606       3.8222   301.7
0.6280      -15989.3412  -15993.2209       3.8798   306.3
0.6285      -15989.3479  -15993.2975       3.9495   311.8
0.6290      -15989.3571  -15993.3532       3.9961   315.5
0.6295      -15989.3664  -15993.3623       3.9959   315.4
0.6300      -15989.3734  -15993.3251       3.9517   312.0
0.6305      -15989.3784  -15993.2681       3.8897   307.1
0.6310      -15989.3800  -15993.2198       3.8398   303.1
0.6315      -15989.3797  -15993.1955       3.8158   301.2
0.6320      -15989.3782  -15993.1921       3.8139   301.1
0.6325      -15989.3757  -15993.2019       3.8262   302.1
0.6330      -15989.3740  -15993.2239       3.8499   303.9
0.6335      -15989.3739  -15993.2595       3.8857   306.7
0.6340      -15989.3764  -15993.3055       3.9290   310.2
0.6345      -15989.3819  -15993.3510       3.9691   313.3
0.6350      -15989.3893  -15993.3844       3.9951   315.4
0.6355      -15989.3983  -15993.4016       4.0034   316.0
0.6360      -15989.4076  -15993.4069       3.9993   315.7
0.6365      -15989.4173  -15993.4071       3.9897   315.0
0.6370      -15989.4273  -15993.4022       3.9749   313.8
0.6375      -15989.4364  -15993.3848       3.9484   311.7
0.6380      -15989.4434  -15993.3502       3.9068   308.4
0.6385      -15989.4471  -15993.3085       3.8613   304.8
0.6390      -15989.4490  -15993.2827       3.8337   302.6
0.6395      -15989.4513  -15993.2870       3.8357   302.8
0.6400      -15989.4547  -15993.3104       3.8558   304.4
0.6405      -15989.4587  -15993.3254       3.8667   305.2
0.6410      -15989.4614  -15993.3131       3.8516   304.1
0.6415      -15989.4623  -15993.2804       3.8181   301.4
0.6420      -15989.4619  -15993.2527       3.7908   299.3
0.6425      -15989.4614  -15993.2539       3.7925   299.4
0.6430      -15989.4631  -15993.2922       3.8291   302.3
0.6435      -15989.4671  -15993.3561       3.8889   307.0
0.6440      -15989.4743  -15993.4250       3.9507   311.9
0.6445      -15989.4844  -15993.4790       3.9946   315.3
0.6450      -15989.4961  -15993.5054       4.0092   316.5
0.6455      -15989.5083  -15993.5010       3.9926   315.2
0.6460      -15989.5186  -15993.4714       3.9527   312.0
0.6465      -15989.5260  -15993.4318       3.9058   308.3
0.6470      -15989.5305  -15993.4038       3.8732   305.8
0.6475      -15989.5350  -15993.4091       3.8741   305.8
0.6480      -15989.5401  -15993.4521       3.9120   308.8
0.6485      -15989.5476  -15993.5147       3.9670   313.2
0.6490      -15989.5574  -15993.5637       4.0063   316.3
0.6495      -15989.5671  -15993.5721       4.0050   316.2
0.6500      -15989.5751  -15993.5354       3.9603   312.6
0.6505      -15989.5800  -15993.4714       3.8914   307.2
0.6510      -15989.5816  -15993.4096       3.8280   302.2
0.6515      -15989.5811  -15993.3763       3.7952   299.6
0.6520      -15989.5800  -15993.3838       3.8038   300.3
0.6525      -15989.5809  -15993.4278       3.8469   303.7
0.6530      -15989.5846  -15993.4885       3.9039   308.2
0.6535      -15989.5912  -15993.5374       3.9462   311.5
0.6540      -15989.5995  -15993.5459       3.9464   311.5
0.6545      -15989.6063  -15993.4973       3.8910   307.2
0.6550      -15989.6091  -15993.3989       3.7897   299.2
0.6555      -15989.6059  -15993.2825       3.6766   290.2
0.6560      -15989.5979  -15993.1918       3.5939   283.7
0.6565      -15989.5879  -15993.1573       3.5694   281.8
0.6570      -15989.5796  -15993.1790       3.5994   284.1
0.6575      -15989.5727  -15993.2256       3.6528   288.4
0.6580      -15989.5675  -15993.2581       3.6906   291.3
0.6585      -15989.5620  -15993.2520       3.6899   291.3
0.6590      -15989.5560  -15993.2101       3.6541   288.5
0.6595      -15989.5468  -15993.1545       3.6076   284.8
0.6600      -15989.5358  -15993.1163       3.5805   282.7
0.6605      -15989.5247  -15993.1187       3.5940   283.7
0.6610      -15989.5151  -15993.1676       3.6524   288.3
0.6615      -15989.5089  -15993.2528       3.7439   295.6
0.6620      -15989.5068  -15993.3564       3.8496   303.9
0.6625      -15989.5096  -15993.4595       3.9499   311.8
0.6630      -15989.5173  -15993.5438       4.0265   317.9
0.6635      -15989.5289  -15993.5936       4.0647   320.9
0.6640      -15989.5410  -15993.5988       4.0578   320.3
0.6645      -15989.5517  -15993.5634       4.0117   316.7
0.6650      -15989.5600  -15993.5046       3.9446   311.4
0.6655      -15989.5665  -15993.4437       3.8772   306.1
0.6660      -15989.5699  -15993.3897       3.8199   301.5
0.6665      -15989.5708  -15993.3387       3.7680   297.5
0.6670      -15989.5683  -15993.2796       3.7113   293.0
0.6675      -15989.5633  -15993.2098       3.6466   287.9
0.6680      -15989.5538  -15993.1360       3.5822   282.8
0.6685      -15989.5410  -15993.0751       3.5341   279.0
0.6690      -15989.5267  -15993.0446       3.5179   277.7
0.6695      -15989.5124  -15993.0540       3.5416   279.6
0.6700      -15989.5004  -15993.0999       3.5995   284.2
0.6705      -15989.4914  -15993.1670       3.6755   290.2
0.6710      -15989.4858  -15993.2358       3.7500   296.0
0.6715      -15989.4835  -15993.2910       3.8075   300.6
0.6720      -15989.4834  -15993.3252       3.8418   303.3
0.6725      -15989.4849  -15993.3402       3.8553   304.3
0.6730      -15989.4865  -15993.3452       3.8587   304.6
0.6735      -15989.4883  -15993.3562       3.8679   305.3
0.6740      -15989.4915  -15993.3899       3.8983   307.7
0.6745      -15989.4975  -15993.4544       3.9570   312.4
0.6750      -15989.5081  -15993.5428       4.0347   318.5
0.6755      -15989.5227  -15993.6322       4.1095   324.4
0.6760      -15989.5403  -15993.6958       4.1555   328.0
0.6765      -15989.5587  -15993.7158       4.1570   328.2
0.6770      -15989.5766  -15993.6937       4.1171   325.0
0.6775      -15989.5911  -15993.6450       4.0539   320.0
0.6780      -15989.6023  -15993.5923       3.9900   315.0
0.6785      -15989.6109  -15993.5553       3.9445   311.4
0.6790      -15989.6177  -15993.5449       3.9272   310.0
0.6795      -15989.6246  -15993.5606       3.9359   310.7
0.6800      -15989.6327  -15993.5899       3.9573   312.4
0.6805      -15989.6417  -15993.6138       3.9721   313.6
0.6810      -15989.6505  -15993.6139       3.9634   312.9
0.6815      -15989.6591  -15993.5842       3.9251   309.9
0.6820      -15989.6642  -15993.5296       3.8654   305.1
0.6825      -15989.6660  -15993.4682       3.8022   300.2
0.6830      -15989.6646  -15993.4208       3.7562   296.5
0.6835      -15989.6628  -15993.4048       3.7420   295.4
0.6840      -15989.6602  -15993.4220       3.7618   297.0
0.6845      -15989.6590  -15993.4638       3.8048   300.4
0.6850      -15989.6601  -15993.5140       3.8540   304.2
0.6855      -15989.6631  -15993.5573       3.8942   307.4
0.6860      -15989.6679  -15993.5848       3.9169   309.2
0.6865      -15989.6735  -15993.5965       3.9231   309.7
0.6870      -15989.6791  -15993.6001       3.9210   309.5
0.6875      -15989.6846  -15993.6080       3.9234   309.7
0.6880      -15989.6907  -15993.6318       3.9411   311.1
0.6885      -15989.6989  -15993.6749       3.9760   313.9
0.6890      -15989.7091  -15993.7279       4.0188   317.3
0.6895      -15989.7212  -15993.7726       4.0514   319.8
0.6900      -15989.7344  -15993.7911       4.0567   320.2
0.6905      -15989.7468  -15993.7761       4.0293   318.1
0.6910      -15989.7573  -15993.7358       3.9785   314.1
0.6915      -15989.7650  -15993.6896       3.9246   309.8
0.6920      -15989.7707  -15993.6573       3.8867   306.8
0.6925      -15989.7752  -15993.6456       3.8704   305.5
0.6930      -15989.7802  -15993.6458       3.8656   305.2
0.6935      -15989.7835  -15993.6400       3.8565   304.4
0.6940      -15989.7853  -15993.6188       3.8335   302.6
0.6945      -15989.7853  -15993.5859       3.8006   300.0
0.6950      -15989.7850  -15993.5552       3.7702   297.6
0.6955      -15989.7831  -15993.5358       3.7527   296.2
0.6960      -15989.7809  -15993.5298       3.7489   295.9
0.6965      -15989.7784  -15993.5334       3.7550   296.4
0.6970      -15989.7758  -15993.5446       3.7688   297.5
0.6975      -15989.7738  -15993.5653       3.7914   299.3
0.6980      -15989.7733  -15993.5963       3.8230   301.8
0.6985      -15989.7746  -15993.6304       3.8558   304.4
0.6990      -15989.7769  -15993.6521       3.8752   305.9
0.6995      -15989.7801  -15993.6501       3.8700   305.5
0.7000      -15989.7818  -15993.6250       3.8433   303.4
0.7005      -15989.7823  -15993.5918       3.8095   300.7
0.7010      -15989.7822  -15993.5639       3.7817   298.5
0.7015      -15989.7814  -15993.5425       3.7611   296.9
0.7020      -15989.7799  -15993.5170       3.7370   295.0
0.7025      -15989.7769  -15993.4743       3.6974   291.9
0.7030      -15989.7709  -15993.4088       3.6379   287.2
0.7035      -15989.7609  -15993.3294       3.5685   281.7
0.7040      -15989.7476  -15993.2597       3.5121   277.3
0.7045      -15989.7322  -15993.2263       3.4941   275.8
0.7050      -15989.7176  -15993.2428       3.5252   278.3
0.7055      -15989.7058  -15993.2983       3.5924   283.6
0.7060      -15989.6981  -15993.3655       3.6674   289.5
0.7065      -15989.6930  -15993.4166       3.7236   293.9
0.7070      -15989.6899  -15993.4381       3.7482   295.9
0.7075      -15989.6874  -15993.4301       3.7427   295.5
0.7080      -15989.6853  -15993.4022       3.7170   293.4
0.7085      -15989.6810  -15993.3659       3.6849   290.9
0.7090      -15989.6750  -15993.3357       3.6607   289.0
0.7095      -15989.6678  -15993.3245       3.6567   288.7
0.7100      -15989.6617  -15993.3397       3.6780   290.4
0.7105      -15989.6568  -15993.3753       3.7185   293.5
0.7110      -15989.6542  -15993.4146       3.7604   296.9
0.7115      -15989.6533  -15993.4351       3.7817   298.5
0.7120      -15989.6533  -15993.4201       3.7667   297.4
0.7125      -15989.6508  -15993.3662       3.7153   293.3
0.7130      -15989.6449  -15993.2900       3.6451   287.7
0.7135      -15989.6357  -15993.2197       3.5840   282.9
0.7140      -15989.6255  -15993.1795       3.5540   280.6
0.7145      -15989.6148  -15993.1703       3.5555   280.7
0.7150      -15989.6044  -15993.1726       3.5682   281.7
0.7155      -15989.5936  -15993.1629       3.5693   281.8
0.7160      -15989.5822  -15993.1330       3.5507   280.3
0.7165      -15989.5691  -15993.0912       3.5222   278.0
0.7170      -15989.5548  -15993.0541       3.4993   276.2
0.7175      -15989.5398  -15993.0326       3.4928   275.7
0.7180      -15989.5250  -15993.0316       3.5066   276.8
0.7185      -15989.5099  -15993.0533       3.5434   279.7
0.7190      -15989.4966  -15993.1034       3.6068   284.7
0.7195      -15989.4871  -15993.1836       3.6965   291.8
0.7200      -15989.4835  -15993.2837       3.8001   300.0
0.7205      -15989.4849  -15993.3796       3.8947   307.5
0.7210      -15989.4904  -15993.4469       3.9565   312.3
0.7215      -15989.4979  -15993.4706       3.9727   313.6
0.7220      -15989.5059  -15993.4523       3.9464   311.5
0.7225      -15989.5119  -15993.4069       3.8950   307.5
0.7230      -15989.5158  -15993.3569       3.8412   303.2
0.7235      -15989.5176  -15993.3192       3.8016   300.1
0.7240      -15989.5189  -15993.2990       3.7801   298.4
0.7245      -15989.5184  -15993.2903       3.7719   297.8
0.7250      -15989.5169  -15993.2886       3.7717   297.7
0.7255      -15989.5152  -15993.2945       3.7792   298.3
0.7260      -15989.5142  -15993.3099       3.7956   299.6
0.7265      -15989.5148  -15993.3312       3.8165   301.3
0.7270      -15989.5165  -15993.3478       3.8313   302.5
0.7275      -15989.5188  -15993.3465       3.8276   302.2
0.7280      -15989.5200  -15993.3181       3.7981   299.8
0.7285      -15989.5191  -15993.2678       3.7487   295.9
0.7290      -15989.5144  -15993.2174       3.7030   292.3
0.7295      -15989.5078  -15993.2028       3.6951   291.7
0.7300      -15989.5025  -15993.2526       3.7501   296.0
0.7305      -15989.5021  -15993.3663       3.8642   305.1
0.7310      -15989.5088  -15993.5096       4.0008   315.8
0.7315      -15989.5213  -15993.6304       4.1091   324.4
0.7320      -15989.5372  -15993.6868       4.1497   327.6
0.7325      -15989.5529  -15993.6663       4.1134   324.7
0.7330      -15989.5664  -15993.5883       4.0220   317.5
0.7335      -15989.5749  -15993.4879       3.9129   308.9
0.7340      -15989.5786  -15993.4009       3.8223   301.7
0.7345      -15989.5783  -15993.3512       3.7729   297.8
0.7350      -15989.5773  -15993.3484       3.7711   297.7
0.7355      -15989.5764  -15993.3839       3.8076   300.6
0.7360      -15989.5778  -15993.4382       3.8604   304.7
0.7365      -15989.5824  -15993.4833       3.9009   307.9
0.7370      -15989.5882  -15993.4906       3.9024   308.1
0.7375      -15989.5934  -15993.4442       3.8508   304.0
0.7380      -15989.5943  -15993.3490       3.7547   296.4
0.7385      -15989.5894  -15993.2342       3.6448   287.7
0.7390      -15989.5787  -15993.1412       3.5626   281.2
0.7395      -15989.5659  -15993.1078       3.5419   279.6
0.7400      -15989.5535  -15993.1483       3.5948   283.8
0.7405      -15989.5452  -15993.2488       3.7037   292.4
0.7410      -15989.5429  -15993.3718       3.8289   302.3
0.7415      -15989.5457  -15993.4736       3.9278   310.1
0.7420      -15989.5525  -15993.5265       3.9740   313.7
0.7425      -15989.5601  -15993.5272       3.9671   313.2
0.7430      -15989.5671  -15993.4915       3.9245   309.8
0.7435      -15989.5721  -15993.4382       3.8661   305.2
0.7440      -15989.5755  -15993.3806       3.8052   300.4
0.7445      -15989.5753  -15993.3236       3.7483   295.9
0.7450      -15989.5724  -15993.2704       3.6980   291.9
0.7455      -15989.5674  -15993.2211       3.6537   288.4
0.7460      -15989.5600  -15993.1728       3.6128   285.2
0.7465      -15989.5504  -15993.1240       3.5736   282.1
0.7470      -15989.5383  -15993.0802       3.5419   279.6
0.7475      -15989.5247  -15993.0555       3.5308   278.7
0.7480      -15989.5111  -15993.0640       3.5528   280.5
0.7485      -15989.4996  -15993.1099       3.6104   285.0
0.7490      -15989.4919  -15993.1832       3.6913   291.4
0.7495      -15989.4881  -15993.2612       3.7731   297.9
0.7500      -15989.4878  -15993.3167       3.8290   302.3
0.7505      -15989.4890  -15993.3288       3.8398   303.1
0.7510      -15989.4903  -15993.2951       3.8048   300.4
0.7515      -15989.4884  -15993.2311       3.7428   295.5
0.7520      -15989.4834  -15993.1640       3.6807   290.6
0.7525      -15989.4761  -15993.1170       3.6410   287.4
0.7530      -15989.4671  -15993.1017       3.6346   286.9
0.7535      -15989.4585  -15993.1175       3.6590   288.9
0.7540      -15989.4514  -15993.1552       3.7039   292.4
0.7545      -15989.4465  -15993.2007       3.7542   296.4
0.7550      -15989.4439  -15993.2373       3.7934   299.5
0.7555      -15989.4418  -15993.2513       3.8094   300.7
0.7560      -15989.4406  -15993.2431       3.8026   300.2
0.7565      -15989.4384  -15993.2256       3.7872   299.0
0.7570      -15989.4360  -15993.2188       3.7828   298.6
0.7575      -15989.4339  -15993.2349       3.8009   300.1
0.7580      -15989.4346  -15993.2737       3.8391   303.1
0.7585      -15989.4367  -15993.3228       3.8860   306.8
0.7590      -15989.4408  -15993.3707       3.9299   310.2
0.7595      -15989.4468  -15993.4119       3.9651   313.0
0.7600      -15989.4546  -15993.4471       3.9925   315.2
0.7605      -15989.4648  -15993.4755       4.0107   316.6
0.7610      -15989.4761  -15993.4884       4.0123   316.7
0.7615      -15989.4870  -15993.4740       3.9870   314.7
0.7620      -15989.4953  -15993.4276       3.9323   310.4
0.7625      -15989.5009  -15993.3611       3.8603   304.7
0.7630      -15989.5025  -15993.2982       3.7957   299.6
0.7635      -15989.5022  -15993.2621       3.7599   296.8
0.7640      -15989.5015  -15993.2571       3.7556   296.5
0.7645      -15989.5017  -15993.2687       3.7670   297.4
0.7650      -15989.5012  -15993.2746       3.7734   297.9
0.7655      -15989.4999  -15993.2626       3.7627   297.0
0.7660      -15989.4973  -15993.2335       3.7362   294.9
0.7665      -15989.4934  -15993.1979       3.7045   292.4
0.7670      -15989.4871  -15993.1699       3.6829   290.7
0.7675      -15989.4794  -15993.1667       3.6873   291.1
0.7680      -15989.4722  -15993.2036       3.7314   294.6
0.7685      -15989.4688  -15993.2880       3.8191   301.5
0.7690      -15989.4709  -15993.4082       3.9373   310.8
0.7695      -15989.4799  -15993.5326       4.0527   319.9
0.7700      -15989.4945  -15993.6169       4.1224   325.4
0.7705      -15989.5106  -15993.6239       4.1133   324.7
0.7710      -15989.5243  -15993.5451       4.0209   317.4
0.7715      -15989.5317  -15993.4080       3.8764   306.0
0.7720      -15989.5321  -15993.2650       3.7329   294.7
0.7725      -15989.5274  -15993.1617       3.6343   286.9
0.7730      -15989.5192  -15993.1139       3.5947   283.8
0.7735      -15989.5098  -15993.1088       3.5991   284.1
0.7740      -15989.4999  -15993.1236       3.6237   286.1
0.7745      -15989.4906  -15993.1418       3.6513   288.2
0.7750      -15989.4823  -15993.1565       3.6742   290.1
0.7755      -15989.4759  -15993.1664       3.6905   291.3
0.7760      -15989.4698  -15993.1708       3.7011   292.2
0.7765      -15989.4637  -15993.1752       3.7116   293.0
0.7770      -15989.4577  -15993.1924       3.7347   294.8
0.7775      -15989.4543  -15993.2400       3.7857   298.9
0.7780      -15989.4541  -15993.3240       3.8699   305.5
0.7785      -15989.4591  -15993.4309       3.9718   313.5
0.7790      -15989.4694  -15993.5276       4.0582   320.4
0.7795      -15989.4838  -15993.5798       4.0961   323.4
0.7800      -15989.4973  -15993.5690       4.0716   321.4
0.7805      -15989.5084  -15993.5063       3.9979   315.6
0.7810      -15989.5158  -15993.4238       3.9080   308.5
0.7815      -15989.5196  -15993.3566       3.8370   302.9
0.7820      -15989.5216  -15993.3261       3.8046   300.3
0.7825      -15989.5232  -15993.3307       3.8075   300.6
0.7830      -15989.5252  -15993.3481       3.8230   301.8
0.7835      -15989.5272  -15993.3506       3.8234   301.8
0.7840      -15989.5289  -15993.3208       3.7919   299.3
0.7845      -15989.5277  -15993.2556       3.7279   294.3
0.7850      -15989.5226  -15993.1666       3.6440   287.7
0.7855      -15989.5125  -15993.0762       3.5636   281.3
0.7860      -15989.4992  -15993.0148       3.5156   277.5
0.7865      -15989.4844  -15993.0066       3.5222   278.1
0.7870      -15989.4717  -15993.0550       3.5833   282.9
0.7875      -15989.4629  -15993.1344       3.6715   289.8
0.7880      -15989.4588  -15993.2021       3.7433   295.5
0.7885      -15989.4564  -15993.2192       3.7628   297.0
0.7890      -15989.4533  -15993.1709       3.7176   293.5
0.7895      -15989.4461  -15993.0676       3.6214   285.9
0.7900      -15989.4341  -15992.9412       3.5071   276.9
0.7905      -15989.4157  -15992.8345       3.4187   269.9
0.7910      -15989.3941  -15992.7929       3.3988   268.3
0.7915      -15989.3739  -15992.8418       3.4679   273.8
0.7920      -15989.3604  -15992.9691       3.6087   284.9
0.7925      -15989.3539  -15993.1239       3.7700   297.6
0.7930      -15989.3541  -15993.2458       3.8917   307.2
0.7935      -15989.3581  -15993.2934       3.9353   310.7
0.7940      -15989.3629  -15993.2636       3.9007   307.9
0.7945      -15989.3640  -15993.1861       3.8221   301.7
0.7950      -15989.3616  -15993.1110       3.7494   296.0
0.7955      -15989.3573  -15993.0820       3.7247   294.0
0.7960      -15989.3551  -15993.1164       3.7613   296.9
0.7965      -15989.3552  -15993.1958       3.8405   303.2
0.7970      -15989.3592  -15993.2851       3.9259   309.9
0.7975      -15989.3663  -15993.3518       3.9855   314.6
0.7980      -15989.3765  -15993.3803       4.0039   316.1
0.7985      -15989.3864  -15993.3669       3.9805   314.2
0.7990      -15989.3946  -15993.3183       3.9236   309.7
0.7995      -15989.3991  -15993.2489       3.8497   303.9
0.8000      -15989.4006  -15993.1823       3.7816   298.5
0.8005      -15989.3991  -15993.1408       3.7417   295.4
0.8010      -15989.3968  -15993.1349       3.7380   295.1
0.8015      -15989.3951  -15993.1544       3.7593   296.8
0.8020      -15989.3952  -15993.1770       3.7819   298.5
0.8025      -15989.3950  -15993.1801       3.7852   298.8
0.8030      -15989.3938  -15993.1558       3.7620   297.0
0.8035      -15989.3906  -15993.1125       3.7219   293.8
0.8040      -15989.3865  -15993.0719       3.6854   290.9
0.8045      -15989.3809  -15993.0513       3.6704   289.7
0.8050      -15989.3756  -15993.0553       3.6797   290.5
0.8055      -15989.3713  -15993.0717       3.7003   292.1
0.8060      -15989.3675  -15993.0815       3.7140   293.2
0.8065      -15989.3634  -15993.0737       3.7103   292.9
0.8070      -15989.3581  -15993.0525       3.6944   291.6
0.8075      -15989.3518  -15993.0340       3.6822   290.7
0.8080      -15989.3453  -15993.0354       3.6901   291.3
0.8085      -15989.3404  -15993.0686       3.7281   294.3
0.8090      -15989.3377  -15993.1336       3.7958   299.7
0.8095      -15989.3389  -15993.2190       3.8800   306.3
0.8100      -15989.3444  -15993.3027       3.9584   312.5
0.8105      -15989.3540  -15993.3623       4.0083   316.4
0.8110      -15989.3643  -15993.3807       4.0165   317.1
0.8115      -15989.3738  -15993.3576       3.9838   314.5
0.8120      -15989.3812  -15993.3067       3.9255   309.9
0.8125      -15989.3858  -15993.2503       3.8645   305.1
0.8130      -15989.3881  -15993.2093       3.8212   301.7
0.8135      -15989.3889  -15993.1956       3.8067   300.5
0.8140      -15989.3899  -15993.2072       3.8172   301.3
0.8145      -15989.3920  -15993.2271       3.8351   302.8
0.8150      -15989.3954  -15993.2317       3.8363   302.8
0.8155      -15989.3971  -15993.2007       3.8036   300.3
0.8160      -15989.3955  -15993.1330       3.7375   295.0
0.8165      -15989.3899  -15993.0470       3.6571   288.7
0.8170      -15989.3803  -15992.9711       3.5909   283.5
0.8175      -15989.3682  -15992.9304       3.5622   281.2
0.8180      -15989.3558  -15992.9345       3.5787   282.5
0.8185      -15989.3453  -15992.9722       3.6269   286.3
0.8190      -15989.3373  -15993.0171       3.6797   290.5
0.8195      -15989.3319  -15993.0429       3.7110   293.0
0.8200      -15989.3267  -15993.0365       3.7099   292.9
0.8205      -15989.3208  -15993.0039       3.6830   290.7
0.8210      -15989.3137  -15992.9638       3.6501   288.1
0.8215      -15989.3064  -15992.9381       3.6317   286.7
0.8220      -15989.2987  -15992.9387       3.6400   287.4
0.8225      -15989.2921  -15992.9650       3.6729   289.9
0.8230      -15989.2877  -15993.0024       3.7147   293.2
0.8235      -15989.2851  -15993.0277       3.7427   295.5
0.8240      -15989.2828  -15993.0199       3.7371   295.0
0.8245      -15989.2785  -15992.9729       3.6944   291.6
0.8250      -15989.2707  -15992.9042       3.6335   286.8
0.8255      -15989.2595  -15992.8488       3.5894   283.4
0.8260      -15989.2480  -15992.8430       3.5950   283.8
0.8265      -15989.2385  -15992.8996       3.6611   289.0
0.8270      -15989.2338  -15993.0003       3.7665   297.3
0.8275      -15989.2343  -15993.1033       3.8690   305.4
0.8280      -15989.2394  -15993.1691       3.9297   310.2
0.8285      -15989.2449  -15993.1784       3.9335   310.5
0.8290      -15989.2494  -15993.1428       3.8934   307.4
0.8295      -15989.2519  -15993.0943       3.8424   303.3
0.8300      -15989.2538  -15993.0666       3.8127   301.0
0.8305      -15989.2551  -15993.0746       3.8195   301.5
0.8310      -15989.2573  -15993.1145       3.8572   304.5
0.8315      -15989.2612  -15993.1725       3.9114   308.8
0.8320      -15989.2679  -15993.2381       3.9703   313.4
0.8325      -15989.2769  -15993.3031       4.0262   317.8
0.8330      -15989.2891  -15993.3574       4.0683   321.2
0.8335      -15989.3030  -15993.3840       4.0809   322.2
0.8340      -15989.3171  -15993.3685       4.0514   319.8
0.8345      -15989.3279  -15993.3089       3.9811   314.3
0.8350      -15989.3347  -15993.2207       3.8861   306.8
0.8355      -15989.3368  -15993.1268       3.7900   299.2
0.8360      -15989.3354  -15993.0486       3.7132   293.1
0.8365      -15989.3307  -15992.9994       3.6688   289.6
0.8370      -15989.3244  -15992.9856       3.6612   289.0
0.8375      -15989.3180  -15993.0059       3.6878   291.1
0.8380      -15989.3140  -15993.0545       3.7405   295.3
0.8385      -15989.3126  -15993.1196       3.8069   300.5
0.8390      -15989.3146  -15993.1857       3.8711   305.6
0.8395      -15989.3191  -15993.2351       3.9160   309.1
0.8400      -15989.3257  -15993.2547       3.9290   310.2
0.8405      -15989.3312  -15993.2411       3.9099   308.7
0.8410      -15989.3345  -15993.2101       3.8756   305.9
0.8415      -15989.3359  -15993.1920       3.8561   304.4
0.8420      -15989.3383  -15993.2157       3.8774   306.1
0.8425      -15989.3430  -15993.2874       3.9444   311.4
0.8430      -15989.3519  -15993.3873       4.0354   318.6
0.8435      -15989.3651  -15993.4814       4.1163   324.9
0.8440      -15989.3819  -15993.5399       4.1581   328.2
0.8445      -15989.3991  -15993.5481       4.1490   327.5
0.8450      -15989.4150  -15993.5116       4.0966   323.4
0.8455      -15989.4279  -15993.4511       4.0232   317.6
0.8460      -15989.4381  -15993.3940       3.9559   312.3
0.8465      -15989.4458  -15993.3619       3.9161   309.1
0.8470      -15989.4525  -15993.3635       3.9110   308.7
0.8475      -15989.4596  -15993.3914       3.9318   310.4
0.8480      -15989.4680  -15993.4295       3.9615   312.7
0.8485      -15989.4767  -15993.4614       3.9847   314.6
0.8490      -15989.4857  -15993.4795       3.9938   315.3
0.8495      -15989.4947  -15993.4841       3.9894   314.9
0.8500      -15989.5043  -15993.4815       3.9772   314.0
0.8505      -15989.5130  -15993.4743       3.9614   312.7
0.8510      -15989.5211  -15993.4604       3.9393   311.0
0.8515      -15989.5282  -15993.4342       3.9060   308.3
0.8520      -15989.5333  -15993.3934       3.8601   304.7
0.8525      -15989.5365  -15993.3383       3.8018   300.1
0.8530      -15989.5367  -15993.2688       3.7322   294.6
0.8535      -15989.5328  -15993.1865       3.6537   288.4
0.8540      -15989.5240  -15993.0998       3.5758   282.3
0.8545      -15989.5117  -15993.0270       3.5153   277.5
0.8550      -15989.4965  -15992.9849       3.4884   275.4
0.8555      -15989.4808  -15992.9794       3.4986   276.2
0.8560      -15989.4658  -15992.9999       3.5341   279.0
0.8565      -15989.4530  -15993.0282       3.5752   282.2
0.8570      -15989.4409  -15993.0490       3.6080   284.8
0.8575      -15989.4297  -15993.0607       3.6310   286.6
0.8580      -15989.4191  -15993.0743       3.6551   288.5
0.8585      -15989.4110  -15993.1085       3.6975   291.9
0.8590      -15989.4053  -15993.1751       3.7698   297.6
0.8595      -15989.4042  -15993.2721       3.8679   305.3
0.8600      -15989.4083  -15993.3811       3.9728   313.6
0.8605      -15989.4181  -15993.4792       4.0611   320.6
0.8610      -15989.4309  -15993.5478       4.1169   325.0
0.8615      -15989.4458  -15993.5820       4.1362   326.5
0.8620      -15989.4613  -15993.5870       4.1258   325.7
0.8625      -15989.4770  -15993.5748       4.0978   323.5
0.8630      -15989.4911  -15993.5555       4.0644   320.9
0.8635      -15989.5038  -15993.5364       4.0327   318.3
0.8640      -15989.5149  -15993.5198       4.0049   316.2
0.8645      -15989.5256  -15993.5068       3.9812   314.3
0.8650      -15989.5346  -15993.4953       3.9607   312.7
0.8655      -15989.5425  -15993.4845       3.9420   311.2
0.8660      -15989.5494  -15993.4746       3.9252   309.9
0.8665      -15989.5560  -15993.4699       3.9139   309.0
0.8670      -15989.5615  -15993.4754       3.9139   309.0
0.8675      -15989.5673  -15993.4954       3.9281   310.1
0.8680      -15989.5742  -15993.5285       3.9543   312.2
0.8685      -15989.5833  -15993.5674       3.9840   314.5
0.8690      -15989.5931  -15993.6004       4.0073   316.3
0.8695      -15989.6035  -15993.6203       4.0168   317.1
0.8700      -15989.6138  -15993.6265       4.0127   316.8
0.8705      -15989.6242  -15993.6278       4.0035   316.0
0.8710      -15989.6335  -15993.6378       4.0043   316.1
0.8715      -15989.6432  -15993.6735       4.0303   318.2
0.8720      -15989.6548  -15993.7436       4.0888   322.8
0.8725      -15989.6713  -15993.8415       4.1702   329.2
0.8730      -15989.6921  -15993.9409       4.2488   335.4
0.8735      -15989.7163  -15994.0074       4.2911   338.8
0.8740      -15989.7411  -15994.0123       4.2712   337.2
0.8745      -15989.7640  -15993.9476       4.1836   330.3
0.8750      -15989.7808  -15993.8295       4.0487   319.6
0.8755      -15989.7907  -15993.6952       3.9045   308.2
0.8760      -15989.7944  -15993.5839       3.7895   299.2
0.8765      -15989.7949  -15993.5194       3.7245   294.0
0.8770      -15989.7930  -15993.5004       3.7074   292.7
0.8775      -15989.7907  -15993.5108       3.7201   293.7
0.8780      -15989.7889  -15993.5303       3.7414   295.4
0.8785      -15989.7887  -15993.5421       3.7534   296.3
0.8790      -15989.7879  -15993.5316       3.7437   295.5
0.8795      -15989.7855  -15993.4934       3.7079   292.7
0.8800      -15989.7800  -15993.4340       3.6540   288.5
0.8805      -15989.7721  -15993.3737       3.6016   284.3
0.8810      -15989.7613  -15993.3339       3.5726   282.0
0.8815      -15989.7496  -15993.3303       3.5806   282.7
0.8820      -15989.7390  -15993.3650       3.6259   286.2
0.8825      -15989.7323  -15993.4276       3.6953   291.7
0.8830      -15989.7287  -15993.4962       3.7675   297.4
0.8835      -15989.7283  -15993.5480       3.8196   301.5
0.8840      -15989.7296  -15993.5661       3.8365   302.9
0.8845      -15989.7321  -15993.5482       3.8161   301.3
0.8850      -15989.7322  -15993.5011       3.7689   297.5
0.8855      -15989.7299  -15993.4400       3.7101   292.9
0.8860      -15989.7249  -15993.3791       3.6542   288.5
0.8865      -15989.7186  -15993.3287       3.6101   285.0
0.8870      -15989.7101  -15993.2888       3.5787   282.5
0.8875      -15989.6999  -15993.2543       3.5544   280.6
0.8880      -15989.6878  -15993.2219       3.5341   279.0
0.8885      -15989.6751  -15993.2001       3.5250   278.3
0.8890      -15989.6615  -15993.2023       3.5408   279.5
0.8895      -15989.6495  -15993.2389       3.5893   283.3
0.8900      -15989.6408  -15993.3051       3.6644   289.3
0.8905      -15989.6357  -15993.3843       3.7485   295.9
0.8910      -15989.6343  -15993.4575       3.8232   301.8
0.8915      -15989.6357  -15993.5141       3.8783   306.2
0.8920      -15989.6396  -15993.5532       3.9137   309.0
0.8925      -15989.6455  -15993.5795       3.9339   310.6
0.8930      -15989.6533  -15993.5964       3.9431   311.3
0.8935      -15989.6615  -15993.6032       3.9417   311.2
0.8940      -15989.6694  -15993.5970       3.9277   310.1
0.8945      -15989.6761  -15993.5782       3.9022   308.0
0.8950      -15989.6818  -15993.5551       3.8734   305.8
0.8955      -15989.6857  -15993.5382       3.8525   304.1
0.8960      -15989.6890  -15993.5327       3.8436   303.4
0.8965      -15989.6921  -15993.5326       3.8404   303.2
0.8970      -15989.6944  -15993.5279       3.8336   302.6
0.8975      -15989.6959  -15993.5149       3.8190   301.5
0.8980      -15989.6968  -15993.4968       3.8000   300.0
0.8985      -15989.6971  -15993.4775       3.7804   298.4
0.8990      -15989.6963  -15993.4551       3.7588   296.7
0.8995      -15989.6952  -15993.4241       3.7289   294.4
0.9000      -15989.6915  -15993.3781       3.6866   291.0
0.9005      -15989.6848  -15993.3203       3.6355   287.0
0.9010      -15989.6753  -15993.2621       3.5868   283.2
0.9015      -15989.6637  -15993.2179       3.5542   280.6
0.9020      -15989.6516  -15993.1943       3.5428   279.7
0.9025      -15989.6392  -15993.1847       3.5455   279.9
0.9030      -15989.6267  -15993.1753       3.5486   280.1
0.9035      -15989.6133  -15993.1580       3.5447   279.8
0.9040      -15989.5995  -15993.1399       3.5404   279.5
0.9045      -15989.5855  -15993.1377       3.5522   280.4
0.9050      -15989.5728  -15993.1650       3.5921   283.6
0.9055      -15989.5629  -15993.2222       3.6593   288.9
0.9060      -15989.5571  -15993.2996       3.7425   295.4
0.9065      -15989.5550  -15993.3821       3.8271   302.1
0.9070      -15989.5570  -15993.4556       3.8986   307.8
0.9075      -15989.5620  -15993.5074       3.9454   311.5
0.9080      -15989.5693  -15993.5309       3.9616   312.7
0.9085      -15989.5766  -15993.5262       3.9497   311.8
0.9090      -15989.5829  -15993.5023       3.9194   309.4
0.9095      -15989.5876  -15993.4708       3.8832   306.5
0.9100      -15989.5917  -15993.4430       3.8513   304.0
0.9105      -15989.5939  -15993.4237       3.8297   302.3
0.9110      -15989.5953  -15993.4153       3.8201   301.6
0.9115      -15989.5966  -15993.4196       3.8231   301.8
0.9120      -15989.5984  -15993.4352       3.8368   302.9
0.9125      -15989.6012  -15993.4545       3.8533   304.2
0.9130      -15989.6045  -15993.4657       3.8612   304.8
0.9135      -15989.6073  -15993.4602       3.8529   304.2
0.9140      -15989.6088  -15993.4387       3.8299   302.3
0.9145      -15989.6090  -15993.4105       3.8015   300.1
0.9150      -15989.6080  -15993.3873       3.7793   298.3
0.9155      -15989.6066  -15993.3756       3.7690   297.5
0.9160      -15989.6051  -15993.3723       3.7672   297.4
0.9165      -15989.6040  -15993.3696       3.7657   297.3
0.9170      -15989.6019  -15993.3616       3.7597   296.8
0.9175      -15989.5989  -15993.3518       3.7528   296.3
0.9180      -15989.5954  -15993.3509       3.7555   296.5
0.9185      -15989.5938  -15993.3701       3.7763   298.1
0.9190      -15989.5940  -15993.4049       3.8109   300.8
0.9195      -15989.5964  -15993.4344       3.8380   303.0
0.9200      -15989.5998  -15993.4275       3.8277   302.2
0.9205      -15989.6007  -15993.3618       3.7611   296.9
0.9210      -15989.5962  -15993.2408       3.6446   287.7
0.9215      -15989.5849  -15993.0963       3.5113   277.2
0.9220      -15989.5678  -15992.9716       3.4039   268.7
0.9225      -15989.5467  -15992.8967       3.3500   264.5
0.9230      -15989.5252  -15992.8757       3.3505   264.5
0.9235      -15989.5038  -15992.8904       3.3866   267.3
0.9240      -15989.4838  -15992.9187       3.4349   271.2
0.9245      -15989.4658  -15992.9451       3.4793   274.7
0.9250      -15989.4497  -15992.9645       3.5148   277.5
0.9255      -15989.4355  -15992.9790       3.5435   279.7
0.9260      -15989.4229  -15992.9926       3.5697   281.8
0.9265      -15989.4119  -15993.0055       3.5936   283.7
0.9270      -15989.4019  -15993.0123       3.6104   285.0
0.9275      -15989.3931  -15993.0071       3.6140   285.3
0.9280      -15989.3830  -15992.9886       3.6056   284.6
0.9285      -15989.3719  -15992.9678       3.5959   283.9
0.9290      -15989.3610  -15992.9598       3.5988   284.1
0.9295      -15989.3513  -15992.9702       3.6189   285.7
0.9300      -15989.3437  -15992.9850       3.6414   287.5
0.9305      -15989.3363  -15992.9787       3.6423   287.5
0.9310      -15989.3272  -15992.9364       3.6091   284.9
0.9315      -15989.3148  -15992.8704       3.5556   280.7
0.9320      -15989.2997  -15992.8157       3.5160   277.6
0.9325      -15989.2848  -15992.8057       3.5208   277.9
0.9330      -15989.2718  -15992.8481       3.5763   282.3
0.9335      -15989.2619  -15992.9231       3.6612   289.0
0.9340      -15989.2556  -15993.0009       3.7453   295.7
0.9345      -15989.2535  -15993.0627       3.8091   300.7
0.9350      -15989.2532  -15993.1021       3.8490   303.8
0.9355      -15989.2544  -15993.1233       3.8689   305.4
0.9360      -15989.2570  -15993.1328       3.8758   306.0
0.9365      -15989.2598  -15993.1376       3.8778   306.1
0.9370      -15989.2632  -15993.1459       3.8828   306.5
0.9375      -15989.2670  -15993.1642       3.8971   307.6
0.9380      -15989.2724  -15993.1943       3.9219   309.6
0.9385      -15989.2796  -15993.2287       3.9491   311.7
0.9390      -15989.2878  -15993.2516       3.9638   312.9
0.9395      -15989.2969  -15993.2486       3.9517   312.0
0.9400      -15989.3041  -15993.2135       3.9094   308.6
0.9405      -15989.3084  -15993.1551       3.8467   303.7
0.9410      -15989.3094  -15993.0915       3.7821   298.6
0.9415      -15989.3087  -15993.0436       3.7349   294.8
0.9420      -15989.3057  -15993.0227       3.7170   293.4
0.9425      -15989.3025  -15993.0298       3.7273   294.2
0.9430      -15989.3004  -15993.0553       3.7548   296.4
0.9435      -15989.2995  -15993.0848       3.7853   298.8
0.9440      -15989.3002  -15993.1048       3.8045   300.3
0.9445      -15989.3017  -15993.1040       3.8023   300.2
0.9450      -15989.3024  -15993.0759       3.7735   297.9
0.9455      -15989.3006  -15993.0231       3.7225   293.9
0.9460      -15989.2953  -15992.9615       3.6662   289.4
0.9465      -15989.2874  -15992.9155       3.6281   286.4
0.9470      -15989.2783  -15992.9057       3.6274   286.4
0.9475      -15989.2703  -15992.9370       3.6667   289.5
0.9480      -15989.2649  -15992.9944       3.7295   294.4
0.9485      -15989.2624  -15993.0505       3.7882   299.0
0.9490      -15989.2625  -15993.0801       3.8176   301.4
0.9495      -15989.2629  -15993.0687       3.8058   300.4
0.9500      -15989.2617  -15993.0168       3.7551   296.4
0.9505      -15989.2575  -15992.9357       3.6782   290.4
0.9510      -15989.2485  -15992.8445       3.5959   283.9
0.9515      -15989.2364  -15992.7684       3.5321   278.8
0.9520      -15989.2213  -15992.7281       3.5068   276.8
0.9525      -15989.2059  -15992.7334       3.5275   278.5
0.9530      -15989.1925  -15992.7785       3.5860   283.1
0.9535      -15989.1819  -15992.8468       3.6649   289.3
0.9540      -15989.1753  -15992.9224       3.7471   295.8
0.9545      -15989.1725  -15992.9969       3.8243   301.9
0.9550      -15989.1739  -15993.0696       3.8958   307.5
0.9555      -15989.1796  -15993.1394       3.9598   312.6
0.9560      -15989.1890  -15993.1970       4.0079   316.4
0.9565      -15989.2008  -15993.2274       4.0266   317.9
0.9570      -15989.2122  -15993.2212       4.0090   316.5
0.9575      -15989.2213  -15993.1858       3.9645   313.0
0.9580      -15989.2277  -15993.1450       3.9173   309.2
0.9585      -15989.2335  -15993.1264       3.8929   307.3
0.9590      -15989.2389  -15993.1408       3.9019   308.0
0.9595      -15989.2454  -15993.1789       3.9335   310.5
0.9600      -15989.2533  -15993.2189       3.9656   313.1
0.9605      -15989.2616  -15993.2444       3.9829   314.4
0.9610      -15989.2702  -15993.2544       3.9842   314.5
0.9615      -15989.2785  -15993.2570       3.9785   314.1
0.9620      -15989.2863  -15993.2598       3.9735   313.7
0.9625      -15989.2931  -15993.2664       3.9733   313.7
0.9630      -15989.3003  -15993.2832       3.9829   314.4
0.9635      -15989.3077  -15993.3170       4.0093   316.5
0.9640      -15989.3170  -15993.3727       4.0557   320.2
0.9645      -15989.3293  -15993.4466       4.1173   325.0
0.9650      -15989.3446  -15993.5295       4.1849   330.4
0.9655      -15989.3631  -15993.6136       4.2505   335.5
0.9660      -15989.3847  -15993.6982       4.3135   340.5
0.9665      -15989.4099  -15993.7858       4.3759   345.4
0.9670      -15989.4391  -15993.8727       4.4336   350.0
0.9675      -15989.4726  -15993.9429       4.4703   352.9
0.9680      -15989.5073  -15993.9719       4.4647   352.5
0.9685      -15989.5405  -15993.9440       4.4035   347.6
0.9690      -15989.5693  -15993.8612       4.2919   338.8
0.9695      -15989.5927  -15993.7435       4.1508   327.7
0.9700      -15989.6087  -15993.6162       4.0075   316.4
0.9705      -15989.6174  -15993.5053       3.8879   306.9
0.9710      -15989.6202  -15993.4334       3.8132   301.0
0.9715      -15989.6212  -15993.4150       3.7939   299.5
0.9720      -15989.6219  -15993.4438       3.8218   301.7
0.9725      -15989.6245  -15993.4919       3.8674   305.3
0.9730      -15989.6286  -15993.5228       3.8942   307.4
0.9735      -15989.6331  -15993.5130       3.8800   306.3
0.9740      -15989.6347  -15993.4622       3.8275   302.2
0.9745      -15989.6331  -15993.3953       3.7623   297.0
0.9750      -15989.6289  -15993.3473       3.7184   293.5
0.9755      -15989.6238  -15993.3442       3.7204   293.7
0.9760      -15989.6204  -15993.3903       3.7699   297.6
0.9765      -15989.6197  -15993.4696       3.8499   303.9
0.9770      -15989.6227  -15993.5589       3.9362   310.7
0.9775      -15989.6299  -15993.6371       4.0073   316.3
0.9780      -15989.6405  -15993.6878       4.0473   319.5
0.9785      -15989.6535  -15993.6980       4.0445   319.3
0.9790      -15989.6655  -15993.6602       3.9947   315.3
0.9795      -15989.6739  -15993.5806       3.9066   308.4
0.9800      -15989.6770  -15993.4827       3.8057   300.4
0.9805      -15989.6764  -15993.3991       3.7227   293.9
0.9810      -15989.6729  -15993.3501       3.6772   290.3
0.9815      -15989.6677  -15993.3341       3.6664   289.4
0.9820      -15989.6618  -15993.3340       3.6722   289.9
0.9825      -15989.6547  -15993.3339       3.6792   290.4
0.9830      -15989.6473  -15993.3326       3.6853   290.9
0.9835      -15989.6402  -15993.3417       3.7015   292.2
0.9840      -15989.6347  -15993.3737       3.7390   295.2
0.9845      -15989.6321  -15993.4280       3.7959   299.7
0.9850      -15989.6324  -15993.4888       3.8564   304.4
0.9855      -15989.6357  -15993.5379       3.9021   308.0
0.9860      -15989.6402  -15993.5645       3.9243   309.8
0.9865      -15989.6453  -15993.5715       3.9262   309.9
0.9870      -15989.6504  -15993.5678       3.9175   309.3
0.9875      -15989.6564  -15993.5631       3.9067   308.4
0.9880      -15989.6614  -15993.5599       3.8985   307.8
0.9885      -15989.6654  -15993.5623       3.8968   307.6
0.9890      -15989.6686  -15993.5805       3.9119   308.8
0.9895      -15989.6741  -15993.6338       3.9597   312.6
0.9900      -15989.6831  -15993.7316       4.0485   319.6
0.9905      -15989.6982  -15993.8600       4.1618   328.5
0.9910      -15989.7191  -15993.9805       4.2614   336.4
0.9915      -15989.7432  -15994.0567       4.3135   340.5
0.9920      -15989.7685  -15994.0784       4.3099   340.2
0.9925      -15989.7929  -15994.0604       4.2676   336.9
0.9930      -15989.8155  -15994.0264       4.2110   332.4
0.9935      -15989.8359  -15993.9931       4.1573   328.2
0.9940      -15989.8536  -15993.9669       4.1133   324.7
0.9945      -15989.8695  -15993.9475       4.0780   321.9
0.9950      -15989.8833  -15993.9300       4.0467   319.5
0.9955      -15989.8955  -15993.9076       4.0121   316.7
0.9960      -15989.9056  -15993.8721       3.9664   313.1
0.9965      -15989.9138  -15993.8197       3.9059   308.3
0.9970      -15989.9179  -15993.7529       3.8350   302.7
0.9975      -15989.9187  -15993.6837       3.7650   297.2
0.9980      -15989.9168  -15993.6229       3.7061   292.6
0.9985      -15989.9120  -15993.5719       3.6599   288.9
0.9990      -15989.9047  -15993.5282       3.6235   286.0
0.9995      -15989.8949  -15993.4964       3.6014   284.3
1.0000      -15989.8846  -15993.4914       3.6068   284.7
1.0005      -15989.8759  -15993.5198       3.6439   287.7
1.0010      -15989.8700  -15993.5665       3.6965   291.8
1.0015      -15989.8669  -15993.6022       3.7354   294.9
1.0020      -15989.8638  -15993.6016       3.7379   295.1
1.0025      -15989.8589  -15993.5615       3.7026   292.3
1.0030      -15989.8508  -15993.5035       3.6526   288.3
1.0035      -15989.8413  -15993.4648       3.6235   286.0
1.0040      -15989.8309  -15993.4749       3.6439   287.7
1.0045      -15989.8231  -15993.5436       3.7205   293.7
1.0050      -15989.8200  -15993.6564       3.8364   302.9
1.0055      -15989.8230  -15993.7834       3.9604   312.6
1.0060      -15989.8324  -15993.8912       4.0588   320.4
1.0065      -15989.8462  -15993.9502       4.1040   324.0
1.0070      -15989.8612  -15993.9413       4.0801   322.1
1.0075      -15989.8737  -15993.8622       3.9885   314.9
1.0080      -15989.8798  -15993.7342       3.8545   304.3
1.0085      -15989.8792  -15993.6039       3.7247   294.0
1.0090      -15989.8731  -15993.5241       3.6510   288.2
1.0095      -15989.8660  -15993.5274       3.6614   289.0
1.0100      -15989.8615  -15993.6046       3.7431   295.5
1.0105      -15989.8622  -15993.7154       3.8532   304.2
1.0110      -15989.8662  -15993.8123       3.9461   311.5
1.0115      -15989.8731  -15993.8680       3.9949   315.4
1.0120      -15989.8813  -15993.8801       3.9988   315.7
1.0125      -15989.8891  -15993.8650       3.9759   313.9
1.0130      -15989.8963  -15993.8468       3.9505   311.9
1.0135      -15989.9029  -15993.8445       3.9416   311.2
1.0140      -15989.9100  -15993.8664       3.9564   312.3
1.0145      -15989.9186  -15993.9077       3.9891   314.9
1.0150      -15989.9290  -15993.9519       4.0229   317.6
1.0155      -15989.9417  -15993.9759       4.0342   318.5
1.0160      -15989.9540  -15993.9567       4.0026   316.0
1.0165      -15989.9631  -15993.8854       3.9223   309.6
1.0170      -15989.9662  -15993.7781       3.8119   300.9
1.0175      -15989.9642  -15993.6757       3.7114   293.0
1.0180      -15989.9587  -15993.6202       3.6615   289.0
1.0185      -15989.9529  -15993.6280       3.6750   290.1
1.0190      -15989.9490  -15993.6791       3.7301   294.5
1.0195      -15989.9468  -15993.7371       3.7903   299.2
1.0200      -15989.9465  -15993.7759       3.8294   302.3
1.0205      -15989.9472  -15993.7893       3.8421   303.3
1.0210      -15989.9484  -15993.7848       3.8365   302.9
1.0215      -15989.9495  -15993.7727       3.8232   301.8
1.0220      -15989.9500  -15993.7602       3.8102   300.8
1.0225      -15989.9504  -15993.7535       3.8031   300.2
1.0230      -15989.9502  -15993.7576       3.8074   300.6
1.0235      -15989.9509  -15993.7761       3.8252   302.0
1.0240      -15989.9531  -15993.8030       3.8499   303.9
1.0245      -15989.9576  -15993.8217       3.8641   305.0
1.0250      -15989.9612  -15993.8112       3.8500   303.9
1.0255      -15989.9620  -15993.7672       3.8051   300.4
1.0260      -15989.9589  -15993.7107       3.7518   296.2
1.0265      -15989.9546  -15993.6815       3.7269   294.2
1.0270      -15989.9509  -15993.7076       3.7567   296.6
1.0275      -15989.9509  -15993.7816       3.8307   302.4
1.0280      -15989.9553  -15993.8601       3.9048   308.3
1.0285      -15989.9615  -15993.8927       3.9313   310.3
1.0290      -15989.9668  -15993.8539       3.8872   306.9
1.0295      -15989.9684  -15993.7541       3.7856   298.8
1.0300      -15989.9646  -15993.6300       3.6654   289.4
1.0305      -15989.9549  -15993.5260       3.5711   281.9
1.0310      -15989.9424  -15993.4760       3.5336   278.9
1.0315      -15989.9294  -15993.4902       3.5608   281.1
1.0320      -15989.9188  -15993.5554       3.6367   287.1
1.0325      -15989.9122  -15993.6405       3.7283   294.3
1.0330      -15989.9107  -15993.7097       3.7990   299.9
1.0335      -15989.9112  -15993.7330       3.8218   301.7
1.0340      -15989.9113  -15993.6998       3.7885   299.1
1.0345      -15989.9082  -15993.6244       3.7162   293.4
1.0350      -15989.9026  -15993.5436       3.6410   287.4
1.0355      -15989.8943  -15993.4916       3.5973   284.0
1.0360      -15989.8857  -15993.4823       3.5967   283.9
1.0365      -15989.8778  -15993.5010       3.6232   286.0
1.0370      -15989.8703  -15993.5221       3.6519   288.3
1.0375      -15989.8632  -15993.5294       3.6662   289.4
1.0380      -15989.8559  -15993.5222       3.6663   289.4
1.0385      -15989.8481  -15993.5126       3.6644   289.3
1.0390      -15989.8394  -15993.5193       3.6799   290.5
1.0395      -15989.8331  -15993.5647       3.7315   294.6
1.0400      -15989.8305  -15993.6578       3.8273   302.1
1.0405      -15989.8345  -15993.7858       3.9513   311.9
1.0410      -15989.8458  -15993.9072       4.0614   320.6
1.0415      -15989.8615  -15993.9680       4.1064   324.2
1.0420      -15989.8771  -15993.9305       4.0534   320.0
1.0425      -15989.8871  -15993.7967       3.9096   308.6
1.0430      -15989.8882  -15993.6113       3.7230   293.9
1.0435      -15989.8809  -15993.4413       3.5605   281.1
1.0440      -15989.8675  -15993.3399       3.4724   274.1
1.0445      -15989.8526  -15993.3202       3.4676   273.7
1.0450      -15989.8378  -15993.3571       3.5193   277.8
1.0455      -15989.8247  -15993.4150       3.5903   283.4
1.0460      -15989.8144  -15993.4672       3.6529   288.4
1.0465      -15989.8074  -15993.5004       3.6929   291.5
1.0470      -15989.8014  -15993.5078       3.7064   292.6
1.0475      -15989.7951  -15993.4932       3.6980   291.9
1.0480      -15989.7876  -15993.4753       3.6877   291.1
1.0485      -15989.7797  -15993.4863       3.7066   292.6
1.0490      -15989.7757  -15993.5506       3.7748   298.0
1.0495      -15989.7778  -15993.6566       3.8787   306.2
1.0500      -15989.7855  -15993.7558       3.9702   313.4
1.0505      -15989.7957  -15993.7925       3.9968   315.5
1.0510      -15989.8037  -15993.7431       3.9394   311.0
1.0515      -15989.8071  -15993.6343       3.8272   302.1
1.0520      -15989.8046  -15993.5249       3.7203   293.7
1.0525      -15989.7995  -15993.4685       3.6691   289.6
1.0530      -15989.7947  -15993.4772       3.6825   290.7
1.0535      -15989.7912  -15993.5202       3.7290   294.4
1.0540      -15989.7889  -15993.5540       3.7650   297.2
1.0545      -15989.7868  -15993.5513       3.7645   297.2
1.0550      -15989.7836  -15993.5098       3.7262   294.2
1.0555      -15989.7778  -15993.4427       3.6649   289.3
1.0560      -15989.7697  -15993.3702       3.6005   284.2
1.0565      -15989.7579  -15993.3111       3.5532   280.5
1.0570      -15989.7437  -15993.2851       3.5413   279.6
1.0575      -15989.7300  -15993.3064       3.5763   282.3
1.0580      -15989.7195  -15993.3729       3.6534   288.4
1.0585      -15989.7142  -15993.4580       3.7438   295.5
1.0590      -15989.7125  -15993.5180       3.8055   300.4
1.0595      -15989.7116  -15993.5199       3.8082   300.6
1.0600      -15989.7086  -15993.4647       3.7561   296.5
1.0605      -15989.7033  -15993.3875       3.6842   290.8
1.0610      -15989.6961  -15993.3267       3.6306   286.6
1.0615      -15989.6880  -15993.2958       3.6078   284.8
1.0620      -15989.6787  -15993.2825       3.6038   284.5
1.0625      -15989.6692  -15993.2738       3.6046   284.6
1.0630      -15989.6581  -15993.2689       3.6108   285.0
1.0635      -15989.6473  -15993.2817       3.6344   286.9
1.0640      -15989.6385  -15993.3257       3.6872   291.1
1.0645      -15989.6332  -15993.4048       3.7717   297.7
1.0650      -15989.6329  -15993.5109       3.8780   306.1
1.0655      -15989.6382  -15993.6271       3.9889   314.9
1.0660      -15989.6492  -15993.7329       4.0837   322.4
1.0665      -15989.6650  -15993.8070       4.1420   327.0
1.0670      -15989.6840  -15993.8327       4.1487   327.5
1.0675      -15989.7013  -15993.8023       4.1010   323.7
1.0680      -15989.7149  -15993.7278       4.0130   316.8
1.0685      -15989.7232  -15993.6400       3.9168   309.2
1.0690      -15989.7282  -15993.5782       3.8500   303.9
1.0695      -15989.7313  -15993.5648       3.8335   302.6
1.0700      -15989.7350  -15993.5903       3.8553   304.3
1.0705      -15989.7392  -15993.6183       3.8791   306.2
1.0710      -15989.7432  -15993.6152       3.8720   305.7
1.0715      -15989.7445  -15993.5713       3.8268   302.1
1.0720      -15989.7428  -15993.5050       3.7622   297.0
1.0725      -15989.7379  -15993.4460       3.7081   292.7
1.0730      -15989.7319  -15993.4226       3.6906   291.3
1.0735      -15989.7256  -15993.4502       3.7247   294.0
1.0740      -15989.7220  -15993.5320       3.8100   300.8
1.0745      -15989.7239  -15993.6551       3.9311   310.3
1.0750      -15989.7324  -15993.7923       4.0599   320.5
1.0755      -15989.7472  -15993.9098       4.1627   328.6
1.0760      -15989.7656  -15993.9795       4.2139   332.7
1.0765      -15989.7849  -15993.9940       4.2090   332.3
1.0770      -15989.8026  -15993.9719       4.1693   329.1
1.0775      -15989.8190  -15993.9503       4.1313   326.1
1.0780      -15989.8356  -15993.9590       4.1235   325.5
1.0785      -15989.8540  -15993.9965       4.1425   327.0
1.0790      -15989.8735  -15994.0270       4.1535   327.9
1.0795      -15989.8926  -15994.0111       4.1185   325.1
1.0800      -15989.9074  -15993.9321       4.0246   317.7
1.0805      -15989.9162  -15993.8054       3.8891   307.0
1.0810      -15989.9184  -15993.6642       3.7458   295.7
1.0815      -15989.9136  -15993.5433       3.6297   286.5
1.0820      -15989.9040  -15993.4696       3.5656   281.5
1.0825      -15989.8917  -15993.4555       3.5638   281.3
1.0830      -15989.8801  -15993.4993       3.6192   285.7
1.0835      -15989.8721  -15993.5827       3.7106   292.9
1.0840      -15989.8688  -15993.6737       3.8049   300.4
1.0845      -15989.8705  -15993.7376       3.8672   305.3
1.0850      -15989.8730  -15993.7498       3.8768   306.0
1.0855      -15989.8742  -15993.7128       3.8386   303.0
1.0860      -15989.8730  -15993.6585       3.7855   298.8
1.0865      -15989.8702  -15993.6312       3.7609   296.9
1.0870      -15989.8689  -15993.6582       3.7892   299.1
1.0875      -15989.8710  -15993.7298       3.8587   304.6
1.0880      -15989.8766  -15993.8082       3.9316   310.4
1.0885      -15989.8847  -15993.8548       3.9701   313.4
1.0890      -15989.8932  -15993.8503       3.9571   312.4
1.0895      -15989.9004  -15993.7984       3.8980   307.7
1.0900      -15989.9040  -15993.7190       3.8150   301.2
1.0905      -15989.9035  -15993.6410       3.7375   295.0
1.0910      -15989.8994  -15993.5916       3.6922   291.5
1.0915      -15989.8950  -15993.5893       3.6943   291.6
1.0920      -15989.8911  -15993.6331       3.7420   295.4
1.0925      -15989.8902  -15993.7058       3.8156   301.2
1.0930      -15989.8930  -15993.7786       3.8856   306.7
1.0935      -15989.8983  -15993.8239       3.9257   309.9
1.0940      -15989.9038  -15993.8293       3.9255   309.9
1.0945      -15989.9081  -15993.8070       3.8989   307.8
1.0950      -15989.9111  -15993.7874       3.8763   306.0
1.0955      -15989.9145  -15993.7965       3.8820   306.5
1.0960      -15989.9209  -15993.8358       3.9150   309.1
1.0965      -15989.9284  -15993.8792       3.9507   311.9
1.0970      -15989.9367  -15993.8998       3.9631   312.9
1.0975      -15989.9448  -15993.8886       3.9438   311.3
1.0980      -15989.9515  -15993.8554       3.9039   308.2
1.0985      -15989.9567  -15993.8171       3.8604   304.7
1.0990      -15989.9601  -15993.7864       3.8263   302.1
1.0995      -15989.9619  -15993.7679       3.8060   300.5
1.1000      -15989.9624  -15993.7607       3.7983   299.8
1.1005      -15989.9626  -15993.7629       3.8002   300.0
1.1010      -15989.9626  -15993.7710       3.8084   300.6
1.1015      -15989.9631  -15993.7800       3.8169   301.3
1.1020      -15989.9638  -15993.7835       3.8198   301.5
1.1025      -15989.9647  -15993.7821       3.8174   301.4
1.1030      -15989.9641  -15993.7877       3.8236   301.8
1.1035      -15989.9642  -15993.8258       3.8615   304.8
1.1040      -15989.9682  -15993.9138       3.9456   311.5
1.1045      -15989.9782  -15994.0405       4.0623   320.7
1.1050      -15989.9940  -15994.1653       4.1713   329.3
1.1055      -15990.0129  -15994.2442       4.2314   334.0
1.1060      -15990.0337  -15994.2577       4.2240   333.5
1.1065      -15990.0524  -15994.2113       4.1589   328.3
1.1070      -15990.0678  -15994.1303       4.0625   320.7
1.1075      -15990.0787  -15994.0420       3.9632   312.9
1.1080      -15990.0856  -15993.9655       3.8799   306.3
1.1085      -15990.0893  -15993.9078       3.8186   301.4
1.1090      -15990.0904  -15993.8645       3.7741   297.9
1.1095      -15990.0896  -15993.8227       3.7331   294.7
1.1100      -15990.0865  -15993.7683       3.6817   290.6
1.1105      -15990.0803  -15993.6958       3.6155   285.4
1.1110      -15990.0694  -15993.6167       3.5473   280.0
1.1115      -15990.0547  -15993.5613       3.5066   276.8
1.1120      -15990.0389  -15993.5663       3.5274   278.5
1.1125      -15990.0272  -15993.6497       3.6226   286.0
1.1130      -15990.0220  -15993.7880       3.7659   297.3
1.1135      -15990.0239  -15993.9240       3.9000   307.9
1.1140      -15990.0300  -15994.0010       3.9710   313.5
1.1145      -15990.0376  -15993.9972       3.9597   312.6
1.1150      -15990.0426  -15993.9294       3.8868   306.8
1.1155      -15990.0439  -15993.8398       3.7959   299.7
1.1160      -15990.0414  -15993.7724       3.7310   294.5
1.1165      -15990.0378  -15993.7590       3.7212   293.8
1.1170      -15990.0347  -15993.8073       3.7725   297.8
1.1175      -15990.0356  -15993.9018       3.8663   305.2
1.1180      -15990.0418  -15994.0064       3.9646   313.0
1.1185      -15990.0533  -15994.0780       4.0247   317.7
1.1190      -15990.0653  -15994.0821       4.0169   317.1
1.1195      -15990.0743  -15994.0143       3.9400   311.0
1.1200      -15990.0775  -15993.9067       3.8292   302.3
1.1205      -15990.0762  -15993.8184       3.7422   295.4
1.1210      -15990.0725  -15993.7995       3.7270   294.2
1.1215      -15990.0710  -15993.8603       3.7892   299.1
1.1220      -15990.0737  -15993.9627       3.8890   307.0
1.1225      -15990.0810  -15994.0502       3.9692   313.3
1.1230      -15990.0893  -15994.0801       3.9908   315.0
1.1235      -15990.0968  -15994.0431       3.9463   311.5
1.1240      -15990.1011  -15993.9583       3.8572   304.5
1.1245      -15990.1018  -15993.8621       3.7603   296.8
1.1250      -15990.0978  -15993.7910       3.6933   291.6
1.1255      -15990.0917  -15993.7732       3.6815   290.6
1.1260      -15990.0865  -15993.8176       3.7311   294.5
1.1265      -15990.0860  -15993.9133       3.8274   302.1
1.1270      -15990.0899  -15994.0304       3.9405   311.1
1.1275      -15990.0988  -15994.1361       4.0373   318.7
1.1280      -15990.1110  -15994.2075       4.0965   323.4
1.1285      -15990.1257  -15994.2459       4.1202   325.3
1.1290      -15990.1403  -15994.2726       4.1323   326.2
1.1295      -15990.1566  -15994.3171       4.1604   328.4
1.1300      -15990.1759  -15994.3902       4.2143   332.7
1.1305      -15990.1997  -15994.4753       4.2755   337.5
1.1310      -15990.2255  -15994.5365       4.3110   340.3
1.1315      -15990.2516  -15994.5473       4.2958   339.1
1.1320      -15990.2752  -15994.5015       4.2262   333.6
1.1325      -15990.2956  -15994.4129       4.1174   325.0
1.1330      -15990.3099  -15994.3043       3.9945   315.3
1.1335      -15990.3183  -15994.2018       3.8835   306.6
1.1340      -15990.3217  -15994.1252       3.8035   300.3
1.1345      -15990.3226  -15994.0838       3.7612   296.9
1.1350      -15990.3216  -15994.0706       3.7490   296.0
1.1355      -15990.3201  -15994.0681       3.7480   295.9
1.1360      -15990.3178  -15994.0552       3.7374   295.0
1.1365      -15990.3144  -15994.0214       3.7070   292.6
1.1370      -15990.3075  -15993.9742       3.6667   289.5
1.1375      -15990.2981  -15993.9434       3.6453   287.8
1.1380      -15990.2889  -15993.9642       3.6753   290.1
1.1385      -15990.2847  -15994.0505       3.7658   297.3
1.1390      -15990.2862  -15994.1730       3.8868   306.8
1.1395      -15990.2928  -15994.2766       3.9838   314.5
1.1400      -15990.3015  -15994.3170       4.0155   317.0
1.1405      -15990.3104  -15994.2875       3.9771   314.0
1.1410      -15990.3166  -15994.2111       3.8945   307.4
1.1415      -15990.3191  -15994.1208       3.8018   300.1
1.1420      -15990.3175  -15994.0432       3.7257   294.1
1.1425      -15990.3131  -15993.9949       3.6817   290.6
1.1430      -15990.3068  -15993.9811       3.6744   290.1
1.1435      -15990.3005  -15993.9964       3.6958   291.8
1.1440      -15990.2957  -15994.0236       3.7279   294.3
1.1445      -15990.2925  -15994.0411       3.7486   295.9
1.1450      -15990.2892  -15994.0316       3.7424   295.4
1.1455      -15990.2846  -15993.9928       3.7082   292.7
1.1460      -15990.2774  -15993.9417       3.6642   289.3
1.1465      -15990.2689  -15993.9114       3.6425   287.6
1.1470      -15990.2608  -15993.9324       3.6716   289.8
1.1475      -15990.2567  -15994.0096       3.7529   296.3
1.1480      -15990.2578  -15994.1111       3.8533   304.2
1.1485      -15990.2634  -15994.1864       3.9230   309.7
1.1490      -15990.2695  -15994.1975       3.9280   310.1
1.1495      -15990.2737  -15994.1421       3.8684   305.4
1.1500      -15990.2740  -15994.0483       3.7743   297.9
1.1505      -15990.2711  -15993.9557       3.6846   290.9
1.1510      -15990.2644  -15993.8939       3.6296   286.5
1.1515      -15990.2560  -15993.8759       3.6199   285.8
1.1520      -15990.2479  -15993.8962       3.6483   288.0
1.1525      -15990.2424  -15993.9378       3.6954   291.7
1.1530      -15990.2383  -15993.9758       3.7375   295.0
1.1535      -15990.2356  -15993.9884       3.7528   296.3
1.1540      -15990.2326  -15993.9622       3.7296   294.4
1.1545      -15990.2281  -15993.9008       3.6727   289.9
1.1550      -15990.2191  -15993.8248       3.6057   284.6
1.1555      -15990.2069  -15993.7722       3.5653   281.5
1.1560      -15990.1943  -15993.7780       3.5838   282.9
1.1565      -15990.1859  -15993.8533       3.6674   289.5
1.1570      -15990.1823  -15993.9710       3.7887   299.1
1.1575      -15990.1840  -15994.0869       3.9029   308.1
1.1580      -15990.1892  -15994.1666       3.9774   314.0
1.1585      -15990.1974  -15994.2055       4.0081   316.4
1.1590      -15990.2063  -15994.2190       4.0127   316.8
1.1595      -15990.2164  -15994.2271       4.0107   316.6
1.1600      -15990.2273  -15994.2364       4.0091   316.5
1.1605      -15990.2397  -15994.2409       4.0012   315.9
1.1610      -15990.2511  -15994.2243       3.9732   313.7
1.1615      -15990.2607  -15994.1734       3.9127   308.9
1.1620      -15990.2669  -15994.0817       3.8148   301.1
1.1625      -15990.2673  -15993.9533       3.6861   291.0
1.1630      -15990.2604  -15993.8056       3.5452   279.9
1.1635      -15990.2459  -15993.6684       3.4225   270.2
1.1640      -15990.2256  -15993.5778       3.3522   264.6
1.1645      -15990.2030  -15993.5616       3.3586   265.1
1.1650      -15990.1831  -15993.6244       3.4413   271.7
1.1655      -15990.1682  -15993.7389       3.5708   281.9
1.1660      -15990.1595  -15993.8577       3.6982   291.9
1.1665      -15990.1555  -15993.9340       3.7785   298.3
1.1670      -15990.1541  -15993.9448       3.7907   299.2
1.1675      -15990.1513  -15993.8983       3.7470   295.8
1.1680      -15990.1459  -15993.8292       3.6832   290.8
1.1685      -15990.1389  -15993.7759       3.6370   287.1
1.1690      -15990.1312  -15993.7563       3.6251   286.2
1.1695      -15990.1242  -15993.7598       3.6356   287.0
1.1700      -15990.1176  -15993.7592       3.6417   287.5
1.1705      -15990.1103  -15993.7308       3.6205   285.8
1.1710      -15990.1005  -15993.6651       3.5646   281.4
1.1715      -15990.0881  -15993.5713       3.4832   275.0
1.1720      -15990.0707  -15993.4696       3.3990   268.3
1.1725      -15990.0489  -15993.3913       3.3425   263.9
1.1730      -15990.0252  -15993.3670       3.3418   263.8
1.1735      -15990.0030  -15993.4123       3.4093   269.1
1.1740      -15989.9859  -15993.5180       3.5322   278.8
1.1745      -15989.9747  -15993.6524       3.6777   290.3
1.1750      -15989.9699  -15993.7783       3.8084   300.6
1.1755      -15989.9705  -15993.8693       3.8988   307.8
1.1760      -15989.9741  -15993.9168       3.9427   311.2
1.1765      -15989.9796  -15993.9308       3.9512   311.9
1.1770      -15989.9852  -15993.9308       3.9456   311.5
1.1775      -15989.9913  -15993.9368       3.9455   311.5
1.1780      -15989.9982  -15993.9557       3.9576   312.4
1.1785      -15990.0073  -15993.9777       3.9704   313.4
1.1790      -15990.0166  -15993.9783       3.9617   312.7
1.1795      -15990.0245  -15993.9355       3.9110   308.7
1.1800      -15990.0288  -15993.8410       3.8122   300.9
1.1805      -15990.0267  -15993.7059       3.6793   290.5
1.1810      -15990.0175  -15993.5596       3.5421   279.6
1.1815      -15990.0018  -15993.4387       3.4369   271.3
1.1820      -15989.9821  -15993.3743       3.3922   267.8
1.1825      -15989.9616  -15993.3785       3.4169   269.7
1.1830      -15989.9434  -15993.4416       3.4981   276.2
1.1835      -15989.9302  -15993.5382       3.6080   284.8
1.1840      -15989.9219  -15993.6380       3.7161   293.4
1.1845      -15989.9184  -15993.7169       3.7985   299.9
1.1850      -15989.9182  -15993.7635       3.8453   303.6
1.1855      -15989.9203  -15993.7820       3.8617   304.8
1.1860      -15989.9224  -15993.7857       3.8632   305.0
1.1865      -15989.9248  -15993.7924       3.8676   305.3
1.1870      -15989.9283  -15993.8158       3.8874   306.9
1.1875      -15989.9336  -15993.8564       3.9228   309.7
1.1880      -15989.9420  -15993.8995       3.9575   312.4
1.1885      -15989.9516  -15993.9213       3.9696   313.4
1.1890      -15989.9607  -15993.9065       3.9458   311.5
1.1895      -15989.9676  -15993.8591       3.8915   307.2
1.1900      -15989.9709  -15993.8010       3.8301   302.4
1.1905      -15989.9720  -15993.7605       3.7886   299.1
1.1910      -15989.9718  -15993.7554       3.7836   298.7
1.1915      -15989.9720  -15993.7842       3.8122   300.9
1.1920      -15989.9732  -15993.8291       3.8559   304.4
1.1925      -15989.9768  -15993.8704       3.8936   307.4
1.1930      -15989.9807  -15993.8944       3.9137   309.0
1.1935      -15989.9849  -15993.9024       3.9175   309.3
1.1940      -15989.9895  -15993.9066       3.9171   309.2
1.1945      -15989.9942  -15993.9234       3.9291   310.2
1.1950      -15990.0006  -15993.9648       3.9642   312.9
1.1955      -15990.0095  -15994.0325       4.0229   317.6
1.1960      -15990.0220  -15994.1177       4.0957   323.3
1.1965      -15990.0384  -15994.2027       4.1643   328.7
1.1970      -15990.0588  -15994.2664       4.2076   332.2
1.1975      -15990.0801  -15994.2886       4.2085   332.2
1.1980      -15990.1001  -15994.2618       4.1617   328.5
1.1985      -15990.1170  -15994.1956       4.0786   322.0
1.1990      -15990.1293  -15994.1140       3.9847   314.6
1.1995      -15990.1377  -15994.0431       3.9054   308.3
1.2000      -15990.1433  -15993.9968       3.8535   304.2
1.2005      -15990.1469  -15993.9711       3.8242   301.9
1.2010      -15990.1485  -15993.9506       3.8022   300.2
1.2015      -15990.1491  -15993.9239       3.7748   298.0
1.2020      -15990.1470  -15993.8878       3.7408   295.3
1.2025      -15990.1433  -15993.8500       3.7068   292.6
1.2030      -15990.1384  -15993.8196       3.6812   290.6
1.2035      -15990.1327  -15993.8008       3.6681   289.6
1.2040      -15990.1265  -15993.7928       3.6663   289.4
1.2045      -15990.1199  -15993.7929       3.6731   290.0
1.2050      -15990.1133  -15993.7988       3.6855   290.9
1.2055      -15990.1072  -15993.8065       3.6993   292.0
1.2060      -15990.1021  -15993.8118       3.7097   292.9
1.2065      -15990.0965  -15993.8115       3.7150   293.3
1.2070      -15990.0905  -15993.8099       3.7194   293.6
1.2075      -15990.0849  -15993.8179       3.7329   294.7
1.2080      -15990.0808  -15993.8474       3.7666   297.3
1.2085      -15990.0797  -15993.9014       3.8217   301.7
1.2090      -15990.0823  -15993.9668       3.8846   306.7
1.2095      -15990.0877  -15994.0178       3.9301   310.3
1.2100      -15990.0942  -15994.0309       3.9366   310.8
1.2105      -15990.1001  -15994.0017       3.9015   308.0
1.2110      -15990.1031  -15993.9473       3.8442   303.5
1.2115      -15990.1033  -15993.8976       3.7944   299.5
1.2120      -15990.1017  -15993.8792       3.7775   298.2
1.2125      -15990.1014  -15993.9063       3.8050   300.4
1.2130      -15990.1029  -15993.9741       3.8712   305.6
1.2135      -15990.1084  -15994.0630       3.9546   312.2
1.2140      -15990.1182  -15994.1433       4.0250   317.7
1.2145      -15990.1305  -15994.1859       4.0553   320.1
1.2150      -15990.1429  -15994.1762       4.0332   318.4
1.2155      -15990.1528  -15994.1232       3.9704   313.4
1.2160      -15990.1593  -15994.0555       3.8962   307.6
1.2165      -15990.1629  -15994.0032       3.8403   303.2
1.2170      -15990.1657  -15993.9795       3.8138   301.1
1.2175      -15990.1675  -15993.9737       3.8062   300.5
1.2180      -15990.1681  -15993.9656       3.7975   299.8
1.2185      -15990.1669  -15993.9447       3.7777   298.2
1.2190      -15990.1637  -15993.9188       3.7551   296.4
1.2195      -15990.1600  -15993.9079       3.7479   295.9
1.2200      -15990.1567  -15993.9276       3.7710   297.7
1.2205      -15990.1554  -15993.9805       3.8251   302.0
1.2210      -15990.1576  -15994.0539       3.8963   307.6
1.2215      -15990.1630  -15994.1268       3.9637   312.9
1.2220      -15990.1718  -15994.1789       4.0072   316.3
1.2225      -15990.1821  -15994.1964       4.0144   316.9
1.2230      -15990.1921  -15994.1758       3.9837   314.5
1.2235      -15990.1997  -15994.1238       3.9241   309.8
1.2240      -15990.2052  -15994.0587       3.8535   304.2
1.2245      -15990.2071  -15994.0021       3.7950   299.6
1.2250      -15990.2071  -15993.9751       3.7680   297.5
1.2255      -15990.2070  -15993.9888       3.7818   298.5
1.2260      -15990.2087  -15994.0400       3.8313   302.4
1.2265      -15990.2136  -15994.1120       3.8984   307.8
1.2270      -15990.2210  -15994.1823       3.9613   312.7
1.2275      -15990.2304  -15994.2338       4.0034   316.0
1.2280      -15990.2414  -15994.2597       4.0183   317.2
1.2285      -15990.2534  -15994.2607       4.0072   316.3
1.2290      -15990.2636  -15994.2388       3.9752   313.8
1.2295      -15990.2714  -15994.2021       3.9307   310.3
1.2300      -15990.2764  -15994.1657       3.8893   307.0
1.2305      -15990.2803  -15994.1507       3.8704   305.5
1.2310      -15990.2838  -15994.1691       3.8853   306.7
1.2315      -15990.2891  -15994.2186       3.9295   310.2
1.2320      -15990.2969  -15994.2801       3.9832   314.4
1.2325      -15990.3069  -15994.3290       4.0221   317.5
1.2330      -15990.3184  -15994.3485       4.0301   318.1
1.2335      -15990.3292  -15994.3335       4.0044   316.1
1.2340      -15990.3379  -15994.2888       3.9508   311.9
1.2345      -15990.3432  -15994.2224       3.8791   306.2
1.2350      -15990.3455  -15994.1462       3.8007   300.0
1.2355      -15990.3428  -15994.0725       3.7297   294.4
1.2360      -15990.3366  -15994.0172       3.6807   290.6
1.2365      -15990.3290  -15993.9926       3.6636   289.2
1.2370      -15990.3217  -15993.9994       3.6777   290.3
1.2375      -15990.3153  -15994.0254       3.7101   292.9
1.2380      -15990.3114  -15994.0552       3.7438   295.5
1.2385      -15990.3087  -15994.0773       3.7687   297.5
1.2390      -15990.3070  -15994.0907       3.7837   298.7
1.2395      -15990.3063  -15994.0987       3.7924   299.4
1.2400      -15990.3061  -15994.1041       3.7980   299.8
1.2405      -15990.3065  -15994.1073       3.8008   300.0
1.2410      -15990.3068  -15994.1081       3.8013   300.1
1.2415      -15990.3071  -15994.1084       3.8013   300.1
1.2420      -15990.3074  -15994.1095       3.8021   300.1
1.2425      -15990.3090  -15994.1102       3.8012   300.1
1.2430      -15990.3096  -15994.1044       3.7947   299.6
1.2435      -15990.3092  -15994.0913       3.7821   298.6
1.2440      -15990.3077  -15994.0787       3.7709   297.7
1.2445      -15990.3058  -15994.0799       3.7741   297.9
1.2450      -15990.3050  -15994.1046       3.7996   299.9
1.2455      -15990.3062  -15994.1485       3.8423   303.3
1.2460      -15990.3099  -15994.1917       3.8818   306.4
1.2465      -15990.3150  -15994.2062       3.8912   307.2
1.2470      -15990.3188  -15994.1731       3.8543   304.3
1.2475      -15990.3197  -15994.0968       3.7771   298.2
1.2480      -15990.3161  -15994.0040       3.6879   291.1
1.2485      -15990.3088  -15993.9305       3.6217   285.9
1.2490      -15990.2994  -15993.9025       3.6030   284.4
1.2495      -15990.2901  -15993.9273       3.6372   287.1
1.2500      -15990.2834  -15993.9946       3.7112   293.0
1.2505      -15990.2806  -15994.0810       3.8004   300.0
1.2510      -15990.2820  -15994.1562       3.8742   305.8
1.2515      -15990.2862  -15994.1923       3.9061   308.4
1.2520      -15990.2907  -15994.1764       3.8857   306.7
1.2525      -15990.2924  -15994.1188       3.8264   302.1
1.2530      -15990.2910  -15994.0493       3.7584   296.7
1.2535      -15990.2870  -15994.0008       3.7138   293.2
1.2540      -15990.2827  -15993.9944       3.7117   293.0
1.2545      -15990.2792  -15994.0292       3.7500   296.0
1.2550      -15990.2786  -15994.0854       3.8068   300.5
1.2555      -15990.2808  -15994.1303       3.8495   303.9
1.2560      -15990.2837  -15994.1328       3.8491   303.9
1.2565      -15990.2849  -15994.0785       3.7935   299.5
1.2570      -15990.2817  -15993.9774       3.6957   291.7
1.2575      -15990.2727  -15993.8611       3.5885   283.3
1.2580      -15990.2586  -15993.7690       3.5104   277.1
1.2585      -15990.2416  -15993.7310       3.4894   275.5
1.2590      -15990.2255  -15993.7542       3.5287   278.6
1.2595      -15990.2120  -15993.8177       3.6057   284.6
1.2600      -15990.2021  -15993.8840       3.6819   290.7
1.2605      -15990.1949  -15993.9176       3.7227   293.9
1.2610      -15990.1878  -15993.9044       3.7166   293.4
1.2615      -15990.1803  -15993.8595       3.6792   290.4
1.2620      -15990.1712  -15993.8140       3.6428   287.6
1.2625      -15990.1620  -15993.7971       3.6351   287.0
1.2630      -15990.1540  -15993.8175       3.6635   289.2
1.2635      -15990.1491  -15993.8642       3.7151   293.3
1.2640      -15990.1460  -15993.9158       3.7698   297.6
1.2645      -15990.1450  -15993.9557       3.8107   300.8
1.2650      -15990.1456  -15993.9763       3.8307   302.4
1.2655      -15990.1476  -15993.9800       3.8324   302.5
1.2660      -15990.1486  -15993.9737       3.8251   302.0
1.2665      -15990.1488  -15993.9698       3.8210   301.6
1.2670      -15990.1489  -15993.9817       3.8328   302.6
1.2675      -15990.1514  -15994.0176       3.8662   305.2
1.2680      -15990.1561  -15994.0656       3.9094   308.6
1.2685      -15990.1629  -15994.0958       3.9329   310.5
1.2690      -15990.1696  -15994.0764       3.9068   308.4
1.2695      -15990.1728  -15993.9960       3.8232   301.8
1.2700      -15990.1709  -15993.8717       3.7008   292.2
1.2705      -15990.1632  -15993.7368       3.5736   282.1
1.2710      -15990.1504  -15993.6212       3.4708   274.0
1.2715      -15990.1337  -15993.5370       3.4033   268.7
1.2720      -15990.1147  -15993.4764       3.3617   265.4
1.2725      -15990.0931  -15993.4201       3.3269   262.6
1.2730      -15990.0690  -15993.3540       3.2850   259.3
1.2735      -15990.0420  -15993.2778       3.2358   255.4
1.2740      -15990.0129  -15993.2037       3.1909   251.9
1.2745      -15989.9815  -15993.1476       3.1661   249.9
1.2750      -15989.9490  -15993.1249       3.1759   250.7
1.2755      -15989.9168  -15993.1502       3.2334   255.2
1.2760      -15989.8888  -15993.2364       3.3476   264.3
1.2765      -15989.8676  -15993.3824       3.5148   277.5
1.2770      -15989.8566  -15993.5617       3.7051   292.5
1.2775      -15989.8553  -15993.7208       3.8655   305.2
1.2780      -15989.8612  -15993.8028       3.9416   311.2
1.2785      -15989.8673  -15993.7751       3.9078   308.5
1.2790      -15989.8689  -15993.6517       3.7829   298.6
1.2795      -15989.8635  -15993.4861       3.6226   286.0
1.2800      -15989.8530  -15993.3421       3.4892   275.4
1.2805      -15989.8377  -15993.2558       3.4181   269.8
1.2810      -15989.8203  -15993.2259       3.4055   268.8
1.2815      -15989.8018  -15993.2290       3.4272   270.5
1.2820      -15989.7844  -15993.2474       3.4630   273.4
1.2825      -15989.7676  -15993.2742       3.5065   276.8
1.2830      -15989.7531  -15993.3101       3.5570   280.8
1.2835      -15989.7412  -15993.3546       3.6133   285.2
1.2840      -15989.7317  -15993.4071       3.6754   290.1
1.2845      -15989.7251  -15993.4725       3.7474   295.8
1.2850      -15989.7224  -15993.5589       3.8365   302.9
1.2855      -15989.7254  -15993.6633       3.9378   310.9
1.2860      -15989.7351  -15993.7637       4.0287   318.0
1.2865      -15989.7477  -15993.8262       4.0784   322.0
1.2870      -15989.7614  -15993.8263       4.0649   320.9
1.2875      -15989.7734  -15993.7611       3.9877   314.8
1.2880      -15989.7818  -15993.6480       3.8662   305.2
1.2885      -15989.7831  -15993.5122       3.7291   294.4
1.2890      -15989.7779  -15993.3816       3.6037   284.5
1.2895      -15989.7674  -15993.2792       3.5117   277.2
1.2900      -15989.7532  -15993.2162       3.4629   273.4
1.2905      -15989.7376  -15993.1887       3.4511   272.4
1.2910      -15989.7212  -15993.1831       3.4619   273.3
1.2915      -15989.7043  -15993.1871       3.4828   274.9
1.2920      -15989.6876  -15993.1988       3.5112   277.2
1.2925      -15989.6726  -15993.2274       3.5548   280.6
1.2930      -15989.6593  -15993.2862       3.6269   286.3
1.2935      -15989.6503  -15993.3872       3.7369   295.0
1.2940      -15989.6482  -15993.5301       3.8820   306.5
1.2945      -15989.6544  -15993.6967       4.0423   319.1
1.2950      -15989.6690  -15993.8541       4.1851   330.4
1.2955      -15989.6898  -15993.9705       4.2807   337.9
1.2960      -15989.7143  -15994.0296       4.3152   340.7
1.2965      -15989.7396  -15994.0319       4.2923   338.8
1.2970      -15989.7641  -15993.9902       4.2260   333.6
1.2975      -15989.7848  -15993.9206       4.1358   326.5
1.2980      -15989.8009  -15993.8424       4.0415   319.0
1.2985      -15989.8124  -15993.7712       3.9588   312.5
1.2990      -15989.8212  -15993.7128       3.8916   307.2
1.2995      -15989.8264  -15993.6570       3.8306   302.4
1.3000      -15989.8277  -15993.5880       3.7603   296.8
1.3005      -15989.8237  -15993.4978       3.6741   290.0
1.3010      -15989.8149  -15993.3992       3.5844   283.0
1.3015      -15989.8008  -15993.3213       3.5205   277.9
1.3020      -15989.7845  -15993.2988       3.5143   277.4
1.3025      -15989.7694  -15993.3525       3.5831   282.9
1.3030      -15989.7602  -15993.4786       3.7184   293.5
1.3035      -15989.7581  -15993.6468       3.8887   307.0
1.3040      -15989.7641  -15993.8165       4.0524   319.9
1.3045      -15989.7771  -15993.9513       4.1742   329.5
1.3050      -15989.7957  -15994.0314       4.2358   334.4
1.3055      -15989.8159  -15994.0537       4.2377   334.5
1.3060      -15989.8355  -15994.0326       4.1970   331.3
1.3065      -15989.8528  -15993.9955       4.1427   327.0
1.3070      -15989.8687  -15993.9754       4.1067   324.2
1.3075      -15989.8840  -15993.9953       4.1114   324.6
1.3080      -15989.9014  -15994.0561       4.1546   328.0
1.3085      -15989.9223  -15994.1297       4.2074   332.1
1.3090      -15989.9457  -15994.1737       4.2280   333.8
1.3095      -15989.9675  -15994.1538       4.1864   330.5
1.3100      -15989.9849  -15994.0659       4.0810   322.2
1.3105      -15989.9954  -15993.9374       3.9420   311.2
1.3110      -15989.9996  -15993.8172       3.8175   301.4
1.3115      -15989.9983  -15993.7515       3.7532   296.3
1.3120      -15989.9958  -15993.7687       3.7730   297.8
1.3125      -15989.9963  -15993.8667       3.8704   305.5
1.3130      -15990.0030  -15994.0129       4.0099   316.6
1.3135      -15990.0173  -15994.1547       4.1374   326.6
1.3140      -15990.0365  -15994.2372       4.2007   331.6
1.3145      -15990.0564  -15994.2257       4.1693   329.1
1.3150      -15990.0723  -15994.1230       4.0506   319.8
1.3155      -15990.0805  -15993.9704       3.8899   307.1
1.3160      -15990.0817  -15993.8314       3.7497   296.0
1.3165      -15990.0781  -15993.7588       3.6807   290.6
1.3170      -15990.0737  -15993.7690       3.6953   291.7
1.3175      -15990.0716  -15993.8346       3.7630   297.1
1.3180      -15990.0718  -15993.9036       3.8318   302.5
1.3185      -15990.0743  -15993.9317       3.8574   304.5
1.3190      -15990.0756  -15993.8992       3.8236   301.8
1.3195      -15990.0742  -15993.8165       3.7423   295.4
1.3200      -15990.0689  -15993.7097       3.6407   287.4
1.3205      -15990.0587  -15993.6089       3.5502   280.3
1.3210      -15990.0448  -15993.5422       3.4974   276.1
1.3215      -15990.0294  -15993.5303       3.5010   276.4
1.3220      -15990.0155  -15993.5809       3.5654   281.5
1.3225      -15990.0061  -15993.6816       3.6755   290.1
1.3230      -15990.0026  -15993.8029       3.8004   300.0
1.3235      -15990.0052  -15993.9125       3.9072   308.4
1.3240      -15990.0111  -15993.9878       3.9768   313.9
1.3245      -15990.0191  -15994.0266       4.0075   316.4
1.3250      -15990.0288  -15994.0400       4.0112   316.7
1.3255      -15990.0389  -15994.0391       4.0002   315.8
1.3260      -15990.0497  -15994.0243       3.9746   313.8
1.3265      -15990.0584  -15993.9845       3.9261   309.9
1.3270      -15990.0634  -15993.9118       3.8484   303.8
1.3275      -15990.0635  -15993.8121       3.7487   295.9
1.3280      -15990.0597  -15993.7062       3.6465   287.9
1.3285      -15990.0510  -15993.6114       3.5604   281.1
